ProcessID,Section,Order,Level,Text,Bold,Phase
1LS01,Process Name,1,0,Mass Notification & Alerting,N,
1LS01,Department,2,0,Emergency Management,N,
1LS01,Program Office,3,0,Emergency Mgmt,N,
1LS01,Operational Category,4,0,1-Life Safety,N,
1LS01,Priority within Category,5,0,1,N,
1LS01,Restoration Score,6,0,90,N,
1LS01,Description,1,0,"Mass Notification & Alerting is a life safety process owned by Emergency Management. It supports day-to-day operations and is referenced during disruptions where its inputs, outputs, or supporting resources are degraded. Restoration sequencing depends on the upstream systems and personnel that this process draws on.",N,
1LS01,Impacts,1,0,No directly mapped downstream impacts in this dataset.,N,
1LS01,Critical Questions,1,1,Who owns this asset and who is the on-call backup outside business hours?,N,
1LS01,Critical Questions,2,1,"What manual workaround exists if this asset is unavailable, and how long can it sustain operations?",N,
1LS01,Critical Questions,3,1,What is the documented recovery time objective (RTO) for this asset?,N,
1LS01,Critical Questions,4,1,"Which upstream dependencies, if degraded, would prevent recovery of this asset?",N,
1LS01,Critical Questions,5,1,Which downstream dependencies should be notified first when this asset goes down?,N,
1LS01,Critical Questions,6,1,"What vendor or external party is required for restoration, and how are they reached?",N,
1LS01,Critical Questions,7,1,"What data, configuration, or state would be lost if this asset failed catastrophically?",N,
1LS01,Critical Questions,8,1,When was the recovery procedure for this asset last tested or exercised?,N,
1LS01,Short-Term Operations,1,1,First 30 minutes,Y,First 30 minutes
1LS01,Short-Term Operations,2,2,Confirm scope of disruption and identify which Emergency Management resources are affected.,N,First 30 minutes
1LS01,Short-Term Operations,3,2,Notify the process owner and primary on-call contact.,N,First 30 minutes
1LS01,Short-Term Operations,4,2,Activate manual workarounds where they exist and are safe to use.,N,First 30 minutes
1LS01,Short-Term Operations,5,1,First 2 hours,Y,First 2 hours
1LS01,Short-Term Operations,6,2,Convene a stand-up of the affected team and operational leadership.,N,First 2 hours
1LS01,Short-Term Operations,7,2,Document the impact and which downstream items are blocked.,N,First 2 hours
1LS01,Short-Term Operations,8,2,Prioritize restoration actions in order of downstream cascade severity.,N,First 2 hours
1LS01,Short-Term Operations,9,1,First 24 hours,Y,First 24 hours
1LS01,Short-Term Operations,10,2,Run the restoration sequence; coordinate with upstream owners as required.,N,First 24 hours
1LS01,Short-Term Operations,11,2,Communicate status to leadership at agreed-upon intervals.,N,First 24 hours
1LS01,Short-Term Operations,12,2,Verify dependent processes resume cleanly as this one returns to service.,N,First 24 hours
1LS02,Process Name,1,0,Emergency Evacuation Coordination,N,
1LS02,Department,2,0,Emergency Management,N,
1LS02,Program Office,3,0,Emergency Mgmt,N,
1LS02,Operational Category,4,0,1-Life Safety,N,
1LS02,Priority within Category,5,0,2,N,
1LS02,Restoration Score,6,0,88,N,
1LS02,Description,1,0,"Emergency Evacuation Coordination is a life safety process owned by Emergency Management. It supports day-to-day operations and is referenced during disruptions where its inputs, outputs, or supporting resources are degraded. Restoration sequencing depends on the upstream systems and personnel that this process draws on.",N,
1LS02,Impacts,1,0,No directly mapped downstream impacts in this dataset.,N,
1LS02,Critical Questions,1,1,Who owns this asset and who is the on-call backup outside business hours?,N,
1LS02,Critical Questions,2,1,"What manual workaround exists if this asset is unavailable, and how long can it sustain operations?",N,
1LS02,Critical Questions,3,1,What is the documented recovery time objective (RTO) for this asset?,N,
1LS02,Critical Questions,4,1,"Which upstream dependencies, if degraded, would prevent recovery of this asset?",N,
1LS02,Critical Questions,5,1,Which downstream dependencies should be notified first when this asset goes down?,N,
1LS02,Critical Questions,6,1,"What vendor or external party is required for restoration, and how are they reached?",N,
1LS02,Critical Questions,7,1,"What data, configuration, or state would be lost if this asset failed catastrophically?",N,
1LS02,Critical Questions,8,1,When was the recovery procedure for this asset last tested or exercised?,N,
1LS02,Short-Term Operations,1,1,First 30 minutes,Y,First 30 minutes
1LS02,Short-Term Operations,2,2,Confirm scope of disruption and identify which Emergency Management resources are affected.,N,First 30 minutes
1LS02,Short-Term Operations,3,2,Notify the process owner and primary on-call contact.,N,First 30 minutes
1LS02,Short-Term Operations,4,2,Activate manual workarounds where they exist and are safe to use.,N,First 30 minutes
1LS02,Short-Term Operations,5,1,First 2 hours,Y,First 2 hours
1LS02,Short-Term Operations,6,2,Convene a stand-up of the affected team and operational leadership.,N,First 2 hours
1LS02,Short-Term Operations,7,2,Document the impact and which downstream items are blocked.,N,First 2 hours
1LS02,Short-Term Operations,8,2,Prioritize restoration actions in order of downstream cascade severity.,N,First 2 hours
1LS02,Short-Term Operations,9,1,First 24 hours,Y,First 24 hours
1LS02,Short-Term Operations,10,2,Run the restoration sequence; coordinate with upstream owners as required.,N,First 24 hours
1LS02,Short-Term Operations,11,2,Communicate status to leadership at agreed-upon intervals.,N,First 24 hours
1LS02,Short-Term Operations,12,2,Verify dependent processes resume cleanly as this one returns to service.,N,First 24 hours
1LS03,Process Name,1,0,Medical Emergency Response,N,
1LS03,Department,2,0,Human Resources,N,
1LS03,Program Office,3,0,HR / Wellness,N,
1LS03,Operational Category,4,0,1-Life Safety,N,
1LS03,Priority within Category,5,0,3,N,
1LS03,Restoration Score,6,0,87,N,
1LS03,Description,1,0,"Medical Emergency Response is a life safety process owned by Human Resources. It supports day-to-day operations and is referenced during disruptions where its inputs, outputs, or supporting resources are degraded. Restoration sequencing depends on the upstream systems and personnel that this process draws on.",N,
1LS03,Impacts,1,0,No directly mapped downstream impacts in this dataset.,N,
1LS03,Critical Questions,1,1,Who owns this asset and who is the on-call backup outside business hours?,N,
1LS03,Critical Questions,2,1,"What manual workaround exists if this asset is unavailable, and how long can it sustain operations?",N,
1LS03,Critical Questions,3,1,What is the documented recovery time objective (RTO) for this asset?,N,
1LS03,Critical Questions,4,1,"Which upstream dependencies, if degraded, would prevent recovery of this asset?",N,
1LS03,Critical Questions,5,1,Which downstream dependencies should be notified first when this asset goes down?,N,
1LS03,Critical Questions,6,1,"What vendor or external party is required for restoration, and how are they reached?",N,
1LS03,Critical Questions,7,1,"What data, configuration, or state would be lost if this asset failed catastrophically?",N,
1LS03,Critical Questions,8,1,When was the recovery procedure for this asset last tested or exercised?,N,
1LS03,Short-Term Operations,1,1,First 30 minutes,Y,First 30 minutes
1LS03,Short-Term Operations,2,2,Confirm scope of disruption and identify which Human Resources resources are affected.,N,First 30 minutes
1LS03,Short-Term Operations,3,2,Notify the process owner and primary on-call contact.,N,First 30 minutes
1LS03,Short-Term Operations,4,2,Activate manual workarounds where they exist and are safe to use.,N,First 30 minutes
1LS03,Short-Term Operations,5,1,First 2 hours,Y,First 2 hours
1LS03,Short-Term Operations,6,2,Convene a stand-up of the affected team and operational leadership.,N,First 2 hours
1LS03,Short-Term Operations,7,2,Document the impact and which downstream items are blocked.,N,First 2 hours
1LS03,Short-Term Operations,8,2,Prioritize restoration actions in order of downstream cascade severity.,N,First 2 hours
1LS03,Short-Term Operations,9,1,First 24 hours,Y,First 24 hours
1LS03,Short-Term Operations,10,2,Run the restoration sequence; coordinate with upstream owners as required.,N,First 24 hours
1LS03,Short-Term Operations,11,2,Communicate status to leadership at agreed-upon intervals.,N,First 24 hours
1LS03,Short-Term Operations,12,2,Verify dependent processes resume cleanly as this one returns to service.,N,First 24 hours
1LS04,Process Name,1,0,Fire Suppression Response,N,
1LS04,Department,2,0,Security,N,
1LS04,Program Office,3,0,Security,N,
1LS04,Operational Category,4,0,1-Life Safety,N,
1LS04,Priority within Category,5,0,4,N,
1LS04,Restoration Score,6,0,86,N,
1LS04,Description,1,0,"Fire Suppression Response is a life safety process owned by Security. It supports day-to-day operations and is referenced during disruptions where its inputs, outputs, or supporting resources are degraded. Restoration sequencing depends on the upstream systems and personnel that this process draws on.",N,
1LS04,Impacts,1,0,No directly mapped downstream impacts in this dataset.,N,
1LS04,Critical Questions,1,1,Who owns this asset and who is the on-call backup outside business hours?,N,
1LS04,Critical Questions,2,1,"What manual workaround exists if this asset is unavailable, and how long can it sustain operations?",N,
1LS04,Critical Questions,3,1,What is the documented recovery time objective (RTO) for this asset?,N,
1LS04,Critical Questions,4,1,"Which upstream dependencies, if degraded, would prevent recovery of this asset?",N,
1LS04,Critical Questions,5,1,Which downstream dependencies should be notified first when this asset goes down?,N,
1LS04,Critical Questions,6,1,"What vendor or external party is required for restoration, and how are they reached?",N,
1LS04,Critical Questions,7,1,"What data, configuration, or state would be lost if this asset failed catastrophically?",N,
1LS04,Critical Questions,8,1,When was the recovery procedure for this asset last tested or exercised?,N,
1LS04,Short-Term Operations,1,1,First 30 minutes,Y,First 30 minutes
1LS04,Short-Term Operations,2,2,Confirm scope of disruption and identify which Security resources are affected.,N,First 30 minutes
1LS04,Short-Term Operations,3,2,Notify the process owner and primary on-call contact.,N,First 30 minutes
1LS04,Short-Term Operations,4,2,Activate manual workarounds where they exist and are safe to use.,N,First 30 minutes
1LS04,Short-Term Operations,5,1,First 2 hours,Y,First 2 hours
1LS04,Short-Term Operations,6,2,Convene a stand-up of the affected team and operational leadership.,N,First 2 hours
1LS04,Short-Term Operations,7,2,Document the impact and which downstream items are blocked.,N,First 2 hours
1LS04,Short-Term Operations,8,2,Prioritize restoration actions in order of downstream cascade severity.,N,First 2 hours
1LS04,Short-Term Operations,9,1,First 24 hours,Y,First 24 hours
1LS04,Short-Term Operations,10,2,Run the restoration sequence; coordinate with upstream owners as required.,N,First 24 hours
1LS04,Short-Term Operations,11,2,Communicate status to leadership at agreed-upon intervals.,N,First 24 hours
1LS04,Short-Term Operations,12,2,Verify dependent processes resume cleanly as this one returns to service.,N,First 24 hours
1LS05,Process Name,1,0,Hazmat Response,N,
1LS05,Department,2,0,Emergency Management,N,
1LS05,Program Office,3,0,Emergency Mgmt,N,
1LS05,Operational Category,4,0,1-Life Safety,N,
1LS05,Priority within Category,5,0,5,N,
1LS05,Restoration Score,6,0,84,N,
1LS05,Description,1,0,"Hazmat Response is a life safety process owned by Emergency Management. It supports day-to-day operations and is referenced during disruptions where its inputs, outputs, or supporting resources are degraded. Restoration sequencing depends on the upstream systems and personnel that this process draws on.",N,
1LS05,Impacts,1,0,No directly mapped downstream impacts in this dataset.,N,
1LS05,Critical Questions,1,1,Who owns this asset and who is the on-call backup outside business hours?,N,
1LS05,Critical Questions,2,1,"What manual workaround exists if this asset is unavailable, and how long can it sustain operations?",N,
1LS05,Critical Questions,3,1,What is the documented recovery time objective (RTO) for this asset?,N,
1LS05,Critical Questions,4,1,"Which upstream dependencies, if degraded, would prevent recovery of this asset?",N,
1LS05,Critical Questions,5,1,Which downstream dependencies should be notified first when this asset goes down?,N,
1LS05,Critical Questions,6,1,"What vendor or external party is required for restoration, and how are they reached?",N,
1LS05,Critical Questions,7,1,"What data, configuration, or state would be lost if this asset failed catastrophically?",N,
1LS05,Critical Questions,8,1,When was the recovery procedure for this asset last tested or exercised?,N,
1LS05,Short-Term Operations,1,1,First 30 minutes,Y,First 30 minutes
1LS05,Short-Term Operations,2,2,Confirm scope of disruption and identify which Emergency Management resources are affected.,N,First 30 minutes
1LS05,Short-Term Operations,3,2,Notify the process owner and primary on-call contact.,N,First 30 minutes
1LS05,Short-Term Operations,4,2,Activate manual workarounds where they exist and are safe to use.,N,First 30 minutes
1LS05,Short-Term Operations,5,1,First 2 hours,Y,First 2 hours
1LS05,Short-Term Operations,6,2,Convene a stand-up of the affected team and operational leadership.,N,First 2 hours
1LS05,Short-Term Operations,7,2,Document the impact and which downstream items are blocked.,N,First 2 hours
1LS05,Short-Term Operations,8,2,Prioritize restoration actions in order of downstream cascade severity.,N,First 2 hours
1LS05,Short-Term Operations,9,1,First 24 hours,Y,First 24 hours
1LS05,Short-Term Operations,10,2,Run the restoration sequence; coordinate with upstream owners as required.,N,First 24 hours
1LS05,Short-Term Operations,11,2,Communicate status to leadership at agreed-upon intervals.,N,First 24 hours
1LS05,Short-Term Operations,12,2,Verify dependent processes resume cleanly as this one returns to service.,N,First 24 hours
2CO01,Process Name,1,0,Production Operations,N,
2CO01,Department,2,0,Operations,N,
2CO01,Program Office,3,0,Operations,N,
2CO01,Operational Category,4,0,2-Critical Operations,N,
2CO01,Priority within Category,5,0,1,N,
2CO01,Restoration Score,6,0,70,N,
2CO01,Description,1,0,"Production Operations is a critical operations process owned by Operations. It supports day-to-day operations and is referenced during disruptions where its inputs, outputs, or supporting resources are degraded. Restoration sequencing depends on the upstream systems and personnel that this process draws on.",N,
2CO01,Impacts,1,0,No directly mapped downstream impacts in this dataset.,N,
2CO01,Critical Questions,1,1,Who owns this asset and who is the on-call backup outside business hours?,N,
2CO01,Critical Questions,2,1,"What manual workaround exists if this asset is unavailable, and how long can it sustain operations?",N,
2CO01,Critical Questions,3,1,What is the documented recovery time objective (RTO) for this asset?,N,
2CO01,Critical Questions,4,1,"Which upstream dependencies, if degraded, would prevent recovery of this asset?",N,
2CO01,Critical Questions,5,1,Which downstream dependencies should be notified first when this asset goes down?,N,
2CO01,Critical Questions,6,1,"What vendor or external party is required for restoration, and how are they reached?",N,
2CO01,Critical Questions,7,1,"What data, configuration, or state would be lost if this asset failed catastrophically?",N,
2CO01,Critical Questions,8,1,When was the recovery procedure for this asset last tested or exercised?,N,
2CO01,Short-Term Operations,1,1,First 30 minutes,Y,First 30 minutes
2CO01,Short-Term Operations,2,2,Confirm scope of disruption and identify which Operations resources are affected.,N,First 30 minutes
2CO01,Short-Term Operations,3,2,Notify the process owner and primary on-call contact.,N,First 30 minutes
2CO01,Short-Term Operations,4,2,Activate manual workarounds where they exist and are safe to use.,N,First 30 minutes
2CO01,Short-Term Operations,5,1,First 2 hours,Y,First 2 hours
2CO01,Short-Term Operations,6,2,Convene a stand-up of the affected team and operational leadership.,N,First 2 hours
2CO01,Short-Term Operations,7,2,Document the impact and which downstream items are blocked.,N,First 2 hours
2CO01,Short-Term Operations,8,2,Prioritize restoration actions in order of downstream cascade severity.,N,First 2 hours
2CO01,Short-Term Operations,9,1,First 24 hours,Y,First 24 hours
2CO01,Short-Term Operations,10,2,Run the restoration sequence; coordinate with upstream owners as required.,N,First 24 hours
2CO01,Short-Term Operations,11,2,Communicate status to leadership at agreed-upon intervals.,N,First 24 hours
2CO01,Short-Term Operations,12,2,Verify dependent processes resume cleanly as this one returns to service.,N,First 24 hours
2CO02,Process Name,1,0,Damage Assessment,N,
2CO02,Department,2,0,Engineering & Maintenance,N,
2CO02,Program Office,3,0,Engineering,N,
2CO02,Operational Category,4,0,2-Critical Operations,N,
2CO02,Priority within Category,5,0,2,N,
2CO02,Restoration Score,6,0,73,N,
2CO02,Description,1,0,"Damage Assessment is a critical operations process owned by Engineering & Maintenance. It supports day-to-day operations and is referenced during disruptions where its inputs, outputs, or supporting resources are degraded. Restoration sequencing depends on the upstream systems and personnel that this process draws on.",N,
2CO02,Impacts,1,0,"If unavailable, this asset has 2 direct downstream dependencies and 3 total cascading impacts (deduplicated). The cascade reaches a maximum depth of 2 hops in the dependency graph.",N,
2CO02,Critical Questions,1,1,Who owns this asset and who is the on-call backup outside business hours?,N,
2CO02,Critical Questions,2,1,"What manual workaround exists if this asset is unavailable, and how long can it sustain operations?",N,
2CO02,Critical Questions,3,1,What is the documented recovery time objective (RTO) for this asset?,N,
2CO02,Critical Questions,4,1,"Which upstream dependencies, if degraded, would prevent recovery of this asset?",N,
2CO02,Critical Questions,5,1,Which downstream dependencies should be notified first when this asset goes down?,N,
2CO02,Critical Questions,6,1,"What vendor or external party is required for restoration, and how are they reached?",N,
2CO02,Critical Questions,7,1,"What data, configuration, or state would be lost if this asset failed catastrophically?",N,
2CO02,Critical Questions,8,1,When was the recovery procedure for this asset last tested or exercised?,N,
2CO02,Short-Term Operations,1,1,First 30 minutes,Y,First 30 minutes
2CO02,Short-Term Operations,2,2,Confirm scope of disruption and identify which Engineering & Maintenance resources are affected.,N,First 30 minutes
2CO02,Short-Term Operations,3,2,Notify the process owner and primary on-call contact.,N,First 30 minutes
2CO02,Short-Term Operations,4,2,Activate manual workarounds where they exist and are safe to use.,N,First 30 minutes
2CO02,Short-Term Operations,5,1,First 2 hours,Y,First 2 hours
2CO02,Short-Term Operations,6,2,Convene a stand-up of the affected team and operational leadership.,N,First 2 hours
2CO02,Short-Term Operations,7,2,Document the impact and which downstream items are blocked.,N,First 2 hours
2CO02,Short-Term Operations,8,2,Prioritize restoration actions in order of downstream cascade severity.,N,First 2 hours
2CO02,Short-Term Operations,9,1,First 24 hours,Y,First 24 hours
2CO02,Short-Term Operations,10,2,Run the restoration sequence; coordinate with upstream owners as required.,N,First 24 hours
2CO02,Short-Term Operations,11,2,Communicate status to leadership at agreed-upon intervals.,N,First 24 hours
2CO02,Short-Term Operations,12,2,Verify dependent processes resume cleanly as this one returns to service.,N,First 24 hours
2CO03,Process Name,1,0,Plant Restart Sequencing,N,
2CO03,Department,2,0,Operations,N,
2CO03,Program Office,3,0,Operations,N,
2CO03,Operational Category,4,0,2-Critical Operations,N,
2CO03,Priority within Category,5,0,3,N,
2CO03,Restoration Score,6,0,69,N,
2CO03,Description,1,0,"Plant Restart Sequencing is a critical operations process owned by Operations. It supports day-to-day operations and is referenced during disruptions where its inputs, outputs, or supporting resources are degraded. Restoration sequencing depends on the upstream systems and personnel that this process draws on.",N,
2CO03,Impacts,1,0,"If unavailable, this asset has 1 direct downstream dependencies and 1 total cascading impacts (deduplicated). The cascade reaches a maximum depth of 1 hops in the dependency graph.",N,
2CO03,Critical Questions,1,1,Who owns this asset and who is the on-call backup outside business hours?,N,
2CO03,Critical Questions,2,1,"What manual workaround exists if this asset is unavailable, and how long can it sustain operations?",N,
2CO03,Critical Questions,3,1,What is the documented recovery time objective (RTO) for this asset?,N,
2CO03,Critical Questions,4,1,"Which upstream dependencies, if degraded, would prevent recovery of this asset?",N,
2CO03,Critical Questions,5,1,Which downstream dependencies should be notified first when this asset goes down?,N,
2CO03,Critical Questions,6,1,"What vendor or external party is required for restoration, and how are they reached?",N,
2CO03,Critical Questions,7,1,"What data, configuration, or state would be lost if this asset failed catastrophically?",N,
2CO03,Critical Questions,8,1,When was the recovery procedure for this asset last tested or exercised?,N,
2CO03,Short-Term Operations,1,1,First 30 minutes,Y,First 30 minutes
2CO03,Short-Term Operations,2,2,Confirm scope of disruption and identify which Operations resources are affected.,N,First 30 minutes
2CO03,Short-Term Operations,3,2,Notify the process owner and primary on-call contact.,N,First 30 minutes
2CO03,Short-Term Operations,4,2,Activate manual workarounds where they exist and are safe to use.,N,First 30 minutes
2CO03,Short-Term Operations,5,1,First 2 hours,Y,First 2 hours
2CO03,Short-Term Operations,6,2,Convene a stand-up of the affected team and operational leadership.,N,First 2 hours
2CO03,Short-Term Operations,7,2,Document the impact and which downstream items are blocked.,N,First 2 hours
2CO03,Short-Term Operations,8,2,Prioritize restoration actions in order of downstream cascade severity.,N,First 2 hours
2CO03,Short-Term Operations,9,1,First 24 hours,Y,First 24 hours
2CO03,Short-Term Operations,10,2,Run the restoration sequence; coordinate with upstream owners as required.,N,First 24 hours
2CO03,Short-Term Operations,11,2,Communicate status to leadership at agreed-upon intervals.,N,First 24 hours
2CO03,Short-Term Operations,12,2,Verify dependent processes resume cleanly as this one returns to service.,N,First 24 hours
2CO04,Process Name,1,0,Quality Control & Inspection,N,
2CO04,Department,2,0,Operations,N,
2CO04,Program Office,3,0,Operations,N,
2CO04,Operational Category,4,0,2-Critical Operations,N,
2CO04,Priority within Category,5,0,4,N,
2CO04,Restoration Score,6,0,66,N,
2CO04,Description,1,0,"Quality Control & Inspection is a critical operations process owned by Operations. It supports day-to-day operations and is referenced during disruptions where its inputs, outputs, or supporting resources are degraded. Restoration sequencing depends on the upstream systems and personnel that this process draws on.",N,
2CO04,Impacts,1,0,No directly mapped downstream impacts in this dataset.,N,
2CO04,Critical Questions,1,1,Who owns this asset and who is the on-call backup outside business hours?,N,
2CO04,Critical Questions,2,1,"What manual workaround exists if this asset is unavailable, and how long can it sustain operations?",N,
2CO04,Critical Questions,3,1,What is the documented recovery time objective (RTO) for this asset?,N,
2CO04,Critical Questions,4,1,"Which upstream dependencies, if degraded, would prevent recovery of this asset?",N,
2CO04,Critical Questions,5,1,Which downstream dependencies should be notified first when this asset goes down?,N,
2CO04,Critical Questions,6,1,"What vendor or external party is required for restoration, and how are they reached?",N,
2CO04,Critical Questions,7,1,"What data, configuration, or state would be lost if this asset failed catastrophically?",N,
2CO04,Critical Questions,8,1,When was the recovery procedure for this asset last tested or exercised?,N,
2CO04,Short-Term Operations,1,1,First 30 minutes,Y,First 30 minutes
2CO04,Short-Term Operations,2,2,Confirm scope of disruption and identify which Operations resources are affected.,N,First 30 minutes
2CO04,Short-Term Operations,3,2,Notify the process owner and primary on-call contact.,N,First 30 minutes
2CO04,Short-Term Operations,4,2,Activate manual workarounds where they exist and are safe to use.,N,First 30 minutes
2CO04,Short-Term Operations,5,1,First 2 hours,Y,First 2 hours
2CO04,Short-Term Operations,6,2,Convene a stand-up of the affected team and operational leadership.,N,First 2 hours
2CO04,Short-Term Operations,7,2,Document the impact and which downstream items are blocked.,N,First 2 hours
2CO04,Short-Term Operations,8,2,Prioritize restoration actions in order of downstream cascade severity.,N,First 2 hours
2CO04,Short-Term Operations,9,1,First 24 hours,Y,First 24 hours
2CO04,Short-Term Operations,10,2,Run the restoration sequence; coordinate with upstream owners as required.,N,First 24 hours
2CO04,Short-Term Operations,11,2,Communicate status to leadership at agreed-upon intervals.,N,First 24 hours
2CO04,Short-Term Operations,12,2,Verify dependent processes resume cleanly as this one returns to service.,N,First 24 hours
2CO05,Process Name,1,0,Shipping & Receiving,N,
2CO05,Department,2,0,Supply Chain,N,
2CO05,Program Office,3,0,Supply Chain,N,
2CO05,Operational Category,4,0,2-Critical Operations,N,
2CO05,Priority within Category,5,0,5,N,
2CO05,Restoration Score,6,0,66,N,
2CO05,Description,1,0,"Shipping & Receiving is a critical operations process owned by Supply Chain. It supports day-to-day operations and is referenced during disruptions where its inputs, outputs, or supporting resources are degraded. Restoration sequencing depends on the upstream systems and personnel that this process draws on.",N,
2CO05,Impacts,1,0,"If unavailable, this asset has 1 direct downstream dependencies and 1 total cascading impacts (deduplicated). The cascade reaches a maximum depth of 1 hops in the dependency graph.",N,
2CO05,Critical Questions,1,1,Who owns this asset and who is the on-call backup outside business hours?,N,
2CO05,Critical Questions,2,1,"What manual workaround exists if this asset is unavailable, and how long can it sustain operations?",N,
2CO05,Critical Questions,3,1,What is the documented recovery time objective (RTO) for this asset?,N,
2CO05,Critical Questions,4,1,"Which upstream dependencies, if degraded, would prevent recovery of this asset?",N,
2CO05,Critical Questions,5,1,Which downstream dependencies should be notified first when this asset goes down?,N,
2CO05,Critical Questions,6,1,"What vendor or external party is required for restoration, and how are they reached?",N,
2CO05,Critical Questions,7,1,"What data, configuration, or state would be lost if this asset failed catastrophically?",N,
2CO05,Critical Questions,8,1,When was the recovery procedure for this asset last tested or exercised?,N,
2CO05,Short-Term Operations,1,1,First 30 minutes,Y,First 30 minutes
2CO05,Short-Term Operations,2,2,Confirm scope of disruption and identify which Supply Chain resources are affected.,N,First 30 minutes
2CO05,Short-Term Operations,3,2,Notify the process owner and primary on-call contact.,N,First 30 minutes
2CO05,Short-Term Operations,4,2,Activate manual workarounds where they exist and are safe to use.,N,First 30 minutes
2CO05,Short-Term Operations,5,1,First 2 hours,Y,First 2 hours
2CO05,Short-Term Operations,6,2,Convene a stand-up of the affected team and operational leadership.,N,First 2 hours
2CO05,Short-Term Operations,7,2,Document the impact and which downstream items are blocked.,N,First 2 hours
2CO05,Short-Term Operations,8,2,Prioritize restoration actions in order of downstream cascade severity.,N,First 2 hours
2CO05,Short-Term Operations,9,1,First 24 hours,Y,First 24 hours
2CO05,Short-Term Operations,10,2,Run the restoration sequence; coordinate with upstream owners as required.,N,First 24 hours
2CO05,Short-Term Operations,11,2,Communicate status to leadership at agreed-upon intervals.,N,First 24 hours
2CO05,Short-Term Operations,12,2,Verify dependent processes resume cleanly as this one returns to service.,N,First 24 hours
2CO06,Process Name,1,0,Equipment Maintenance Operations,N,
2CO06,Department,2,0,Engineering & Maintenance,N,
2CO06,Program Office,3,0,Engineering,N,
2CO06,Operational Category,4,0,2-Critical Operations,N,
2CO06,Priority within Category,5,0,6,N,
2CO06,Restoration Score,6,0,62,N,
2CO06,Description,1,0,"Equipment Maintenance Operations is a critical operations process owned by Engineering & Maintenance. It supports day-to-day operations and is referenced during disruptions where its inputs, outputs, or supporting resources are degraded. Restoration sequencing depends on the upstream systems and personnel that this process draws on.",N,
2CO06,Impacts,1,0,No directly mapped downstream impacts in this dataset.,N,
2CO06,Critical Questions,1,1,Who owns this asset and who is the on-call backup outside business hours?,N,
2CO06,Critical Questions,2,1,"What manual workaround exists if this asset is unavailable, and how long can it sustain operations?",N,
2CO06,Critical Questions,3,1,What is the documented recovery time objective (RTO) for this asset?,N,
2CO06,Critical Questions,4,1,"Which upstream dependencies, if degraded, would prevent recovery of this asset?",N,
2CO06,Critical Questions,5,1,Which downstream dependencies should be notified first when this asset goes down?,N,
2CO06,Critical Questions,6,1,"What vendor or external party is required for restoration, and how are they reached?",N,
2CO06,Critical Questions,7,1,"What data, configuration, or state would be lost if this asset failed catastrophically?",N,
2CO06,Critical Questions,8,1,When was the recovery procedure for this asset last tested or exercised?,N,
2CO06,Short-Term Operations,1,1,First 30 minutes,Y,First 30 minutes
2CO06,Short-Term Operations,2,2,Confirm scope of disruption and identify which Engineering & Maintenance resources are affected.,N,First 30 minutes
2CO06,Short-Term Operations,3,2,Notify the process owner and primary on-call contact.,N,First 30 minutes
2CO06,Short-Term Operations,4,2,Activate manual workarounds where they exist and are safe to use.,N,First 30 minutes
2CO06,Short-Term Operations,5,1,First 2 hours,Y,First 2 hours
2CO06,Short-Term Operations,6,2,Convene a stand-up of the affected team and operational leadership.,N,First 2 hours
2CO06,Short-Term Operations,7,2,Document the impact and which downstream items are blocked.,N,First 2 hours
2CO06,Short-Term Operations,8,2,Prioritize restoration actions in order of downstream cascade severity.,N,First 2 hours
2CO06,Short-Term Operations,9,1,First 24 hours,Y,First 24 hours
2CO06,Short-Term Operations,10,2,Run the restoration sequence; coordinate with upstream owners as required.,N,First 24 hours
2CO06,Short-Term Operations,11,2,Communicate status to leadership at agreed-upon intervals.,N,First 24 hours
2CO06,Short-Term Operations,12,2,Verify dependent processes resume cleanly as this one returns to service.,N,First 24 hours
2CO07,Process Name,1,0,Security Operations,N,
2CO07,Department,2,0,Security,N,
2CO07,Program Office,3,0,Security,N,
2CO07,Operational Category,4,0,2-Critical Operations,N,
2CO07,Priority within Category,5,0,7,N,
2CO07,Restoration Score,6,0,61,N,
2CO07,Description,1,0,"Security Operations is a critical operations process owned by Security. It supports day-to-day operations and is referenced during disruptions where its inputs, outputs, or supporting resources are degraded. Restoration sequencing depends on the upstream systems and personnel that this process draws on.",N,
2CO07,Impacts,1,0,No directly mapped downstream impacts in this dataset.,N,
2CO07,Critical Questions,1,1,Who owns this asset and who is the on-call backup outside business hours?,N,
2CO07,Critical Questions,2,1,"What manual workaround exists if this asset is unavailable, and how long can it sustain operations?",N,
2CO07,Critical Questions,3,1,What is the documented recovery time objective (RTO) for this asset?,N,
2CO07,Critical Questions,4,1,"Which upstream dependencies, if degraded, would prevent recovery of this asset?",N,
2CO07,Critical Questions,5,1,Which downstream dependencies should be notified first when this asset goes down?,N,
2CO07,Critical Questions,6,1,"What vendor or external party is required for restoration, and how are they reached?",N,
2CO07,Critical Questions,7,1,"What data, configuration, or state would be lost if this asset failed catastrophically?",N,
2CO07,Critical Questions,8,1,When was the recovery procedure for this asset last tested or exercised?,N,
2CO07,Short-Term Operations,1,1,First 30 minutes,Y,First 30 minutes
2CO07,Short-Term Operations,2,2,Confirm scope of disruption and identify which Security resources are affected.,N,First 30 minutes
2CO07,Short-Term Operations,3,2,Notify the process owner and primary on-call contact.,N,First 30 minutes
2CO07,Short-Term Operations,4,2,Activate manual workarounds where they exist and are safe to use.,N,First 30 minutes
2CO07,Short-Term Operations,5,1,First 2 hours,Y,First 2 hours
2CO07,Short-Term Operations,6,2,Convene a stand-up of the affected team and operational leadership.,N,First 2 hours
2CO07,Short-Term Operations,7,2,Document the impact and which downstream items are blocked.,N,First 2 hours
2CO07,Short-Term Operations,8,2,Prioritize restoration actions in order of downstream cascade severity.,N,First 2 hours
2CO07,Short-Term Operations,9,1,First 24 hours,Y,First 24 hours
2CO07,Short-Term Operations,10,2,Run the restoration sequence; coordinate with upstream owners as required.,N,First 24 hours
2CO07,Short-Term Operations,11,2,Communicate status to leadership at agreed-upon intervals.,N,First 24 hours
2CO07,Short-Term Operations,12,2,Verify dependent processes resume cleanly as this one returns to service.,N,First 24 hours
2CO08,Process Name,1,0,Customer Order Fulfillment,N,
2CO08,Department,2,0,Operations,N,
2CO08,Program Office,3,0,Operations,N,
2CO08,Operational Category,4,0,2-Critical Operations,N,
2CO08,Priority within Category,5,0,8,N,
2CO08,Restoration Score,6,0,60,N,
2CO08,Description,1,0,"Customer Order Fulfillment is a critical operations process owned by Operations. It supports day-to-day operations and is referenced during disruptions where its inputs, outputs, or supporting resources are degraded. Restoration sequencing depends on the upstream systems and personnel that this process draws on.",N,
2CO08,Impacts,1,0,No directly mapped downstream impacts in this dataset.,N,
2CO08,Critical Questions,1,1,Who owns this asset and who is the on-call backup outside business hours?,N,
2CO08,Critical Questions,2,1,"What manual workaround exists if this asset is unavailable, and how long can it sustain operations?",N,
2CO08,Critical Questions,3,1,What is the documented recovery time objective (RTO) for this asset?,N,
2CO08,Critical Questions,4,1,"Which upstream dependencies, if degraded, would prevent recovery of this asset?",N,
2CO08,Critical Questions,5,1,Which downstream dependencies should be notified first when this asset goes down?,N,
2CO08,Critical Questions,6,1,"What vendor or external party is required for restoration, and how are they reached?",N,
2CO08,Critical Questions,7,1,"What data, configuration, or state would be lost if this asset failed catastrophically?",N,
2CO08,Critical Questions,8,1,When was the recovery procedure for this asset last tested or exercised?,N,
2CO08,Short-Term Operations,1,1,First 30 minutes,Y,First 30 minutes
2CO08,Short-Term Operations,2,2,Confirm scope of disruption and identify which Operations resources are affected.,N,First 30 minutes
2CO08,Short-Term Operations,3,2,Notify the process owner and primary on-call contact.,N,First 30 minutes
2CO08,Short-Term Operations,4,2,Activate manual workarounds where they exist and are safe to use.,N,First 30 minutes
2CO08,Short-Term Operations,5,1,First 2 hours,Y,First 2 hours
2CO08,Short-Term Operations,6,2,Convene a stand-up of the affected team and operational leadership.,N,First 2 hours
2CO08,Short-Term Operations,7,2,Document the impact and which downstream items are blocked.,N,First 2 hours
2CO08,Short-Term Operations,8,2,Prioritize restoration actions in order of downstream cascade severity.,N,First 2 hours
2CO08,Short-Term Operations,9,1,First 24 hours,Y,First 24 hours
2CO08,Short-Term Operations,10,2,Run the restoration sequence; coordinate with upstream owners as required.,N,First 24 hours
2CO08,Short-Term Operations,11,2,Communicate status to leadership at agreed-upon intervals.,N,First 24 hours
2CO08,Short-Term Operations,12,2,Verify dependent processes resume cleanly as this one returns to service.,N,First 24 hours
2CO09,Process Name,1,0,Supply Chain Coordination,N,
2CO09,Department,2,0,Supply Chain,N,
2CO09,Program Office,3,0,Supply Chain,N,
2CO09,Operational Category,4,0,2-Critical Operations,N,
2CO09,Priority within Category,5,0,9,N,
2CO09,Restoration Score,6,0,60,N,
2CO09,Description,1,0,"Supply Chain Coordination is a critical operations process owned by Supply Chain. It supports day-to-day operations and is referenced during disruptions where its inputs, outputs, or supporting resources are degraded. Restoration sequencing depends on the upstream systems and personnel that this process draws on.",N,
2CO09,Impacts,1,0,"If unavailable, this asset has 1 direct downstream dependencies and 1 total cascading impacts (deduplicated). The cascade reaches a maximum depth of 1 hops in the dependency graph.",N,
2CO09,Critical Questions,1,1,Who owns this asset and who is the on-call backup outside business hours?,N,
2CO09,Critical Questions,2,1,"What manual workaround exists if this asset is unavailable, and how long can it sustain operations?",N,
2CO09,Critical Questions,3,1,What is the documented recovery time objective (RTO) for this asset?,N,
2CO09,Critical Questions,4,1,"Which upstream dependencies, if degraded, would prevent recovery of this asset?",N,
2CO09,Critical Questions,5,1,Which downstream dependencies should be notified first when this asset goes down?,N,
2CO09,Critical Questions,6,1,"What vendor or external party is required for restoration, and how are they reached?",N,
2CO09,Critical Questions,7,1,"What data, configuration, or state would be lost if this asset failed catastrophically?",N,
2CO09,Critical Questions,8,1,When was the recovery procedure for this asset last tested or exercised?,N,
2CO09,Short-Term Operations,1,1,First 30 minutes,Y,First 30 minutes
2CO09,Short-Term Operations,2,2,Confirm scope of disruption and identify which Supply Chain resources are affected.,N,First 30 minutes
2CO09,Short-Term Operations,3,2,Notify the process owner and primary on-call contact.,N,First 30 minutes
2CO09,Short-Term Operations,4,2,Activate manual workarounds where they exist and are safe to use.,N,First 30 minutes
2CO09,Short-Term Operations,5,1,First 2 hours,Y,First 2 hours
2CO09,Short-Term Operations,6,2,Convene a stand-up of the affected team and operational leadership.,N,First 2 hours
2CO09,Short-Term Operations,7,2,Document the impact and which downstream items are blocked.,N,First 2 hours
2CO09,Short-Term Operations,8,2,Prioritize restoration actions in order of downstream cascade severity.,N,First 2 hours
2CO09,Short-Term Operations,9,1,First 24 hours,Y,First 24 hours
2CO09,Short-Term Operations,10,2,Run the restoration sequence; coordinate with upstream owners as required.,N,First 24 hours
2CO09,Short-Term Operations,11,2,Communicate status to leadership at agreed-upon intervals.,N,First 24 hours
2CO09,Short-Term Operations,12,2,Verify dependent processes resume cleanly as this one returns to service.,N,First 24 hours
2CO10,Process Name,1,0,Inbound Logistics,N,
2CO10,Department,2,0,Supply Chain,N,
2CO10,Program Office,3,0,Supply Chain,N,
2CO10,Operational Category,4,0,2-Critical Operations,N,
2CO10,Priority within Category,5,0,10,N,
2CO10,Restoration Score,6,0,60,N,
2CO10,Description,1,0,"Inbound Logistics is a critical operations process owned by Supply Chain. It supports day-to-day operations and is referenced during disruptions where its inputs, outputs, or supporting resources are degraded. Restoration sequencing depends on the upstream systems and personnel that this process draws on.",N,
2CO10,Impacts,1,0,"If unavailable, this asset has 1 direct downstream dependencies and 2 total cascading impacts (deduplicated). The cascade reaches a maximum depth of 2 hops in the dependency graph.",N,
2CO10,Critical Questions,1,1,Who owns this asset and who is the on-call backup outside business hours?,N,
2CO10,Critical Questions,2,1,"What manual workaround exists if this asset is unavailable, and how long can it sustain operations?",N,
2CO10,Critical Questions,3,1,What is the documented recovery time objective (RTO) for this asset?,N,
2CO10,Critical Questions,4,1,"Which upstream dependencies, if degraded, would prevent recovery of this asset?",N,
2CO10,Critical Questions,5,1,Which downstream dependencies should be notified first when this asset goes down?,N,
2CO10,Critical Questions,6,1,"What vendor or external party is required for restoration, and how are they reached?",N,
2CO10,Critical Questions,7,1,"What data, configuration, or state would be lost if this asset failed catastrophically?",N,
2CO10,Critical Questions,8,1,When was the recovery procedure for this asset last tested or exercised?,N,
2CO10,Short-Term Operations,1,1,First 30 minutes,Y,First 30 minutes
2CO10,Short-Term Operations,2,2,Confirm scope of disruption and identify which Supply Chain resources are affected.,N,First 30 minutes
2CO10,Short-Term Operations,3,2,Notify the process owner and primary on-call contact.,N,First 30 minutes
2CO10,Short-Term Operations,4,2,Activate manual workarounds where they exist and are safe to use.,N,First 30 minutes
2CO10,Short-Term Operations,5,1,First 2 hours,Y,First 2 hours
2CO10,Short-Term Operations,6,2,Convene a stand-up of the affected team and operational leadership.,N,First 2 hours
2CO10,Short-Term Operations,7,2,Document the impact and which downstream items are blocked.,N,First 2 hours
2CO10,Short-Term Operations,8,2,Prioritize restoration actions in order of downstream cascade severity.,N,First 2 hours
2CO10,Short-Term Operations,9,1,First 24 hours,Y,First 24 hours
2CO10,Short-Term Operations,10,2,Run the restoration sequence; coordinate with upstream owners as required.,N,First 24 hours
2CO10,Short-Term Operations,11,2,Communicate status to leadership at agreed-upon intervals.,N,First 24 hours
2CO10,Short-Term Operations,12,2,Verify dependent processes resume cleanly as this one returns to service.,N,First 24 hours
3CA01,Process Name,1,0,Payroll Processing,N,
3CA01,Department,2,0,Finance,N,
3CA01,Program Office,3,0,Finance,N,
3CA01,Operational Category,4,0,3-Critical Admin,N,
3CA01,Priority within Category,5,0,1,N,
3CA01,Restoration Score,6,0,45,N,
3CA01,Description,1,0,"Payroll Processing is a critical admin process owned by Finance. It supports day-to-day operations and is referenced during disruptions where its inputs, outputs, or supporting resources are degraded. Restoration sequencing depends on the upstream systems and personnel that this process draws on.",N,
3CA01,Impacts,1,0,No directly mapped downstream impacts in this dataset.,N,
3CA01,Critical Questions,1,1,Who owns this asset and who is the on-call backup outside business hours?,N,
3CA01,Critical Questions,2,1,"What manual workaround exists if this asset is unavailable, and how long can it sustain operations?",N,
3CA01,Critical Questions,3,1,What is the documented recovery time objective (RTO) for this asset?,N,
3CA01,Critical Questions,4,1,"Which upstream dependencies, if degraded, would prevent recovery of this asset?",N,
3CA01,Critical Questions,5,1,Which downstream dependencies should be notified first when this asset goes down?,N,
3CA01,Critical Questions,6,1,"What vendor or external party is required for restoration, and how are they reached?",N,
3CA01,Critical Questions,7,1,"What data, configuration, or state would be lost if this asset failed catastrophically?",N,
3CA01,Critical Questions,8,1,When was the recovery procedure for this asset last tested or exercised?,N,
3CA01,Short-Term Operations,1,1,First 30 minutes,Y,First 30 minutes
3CA01,Short-Term Operations,2,2,Confirm scope of disruption and identify which Finance resources are affected.,N,First 30 minutes
3CA01,Short-Term Operations,3,2,Notify the process owner and primary on-call contact.,N,First 30 minutes
3CA01,Short-Term Operations,4,2,Activate manual workarounds where they exist and are safe to use.,N,First 30 minutes
3CA01,Short-Term Operations,5,1,First 2 hours,Y,First 2 hours
3CA01,Short-Term Operations,6,2,Convene a stand-up of the affected team and operational leadership.,N,First 2 hours
3CA01,Short-Term Operations,7,2,Document the impact and which downstream items are blocked.,N,First 2 hours
3CA01,Short-Term Operations,8,2,Prioritize restoration actions in order of downstream cascade severity.,N,First 2 hours
3CA01,Short-Term Operations,9,1,First 24 hours,Y,First 24 hours
3CA01,Short-Term Operations,10,2,Run the restoration sequence; coordinate with upstream owners as required.,N,First 24 hours
3CA01,Short-Term Operations,11,2,Communicate status to leadership at agreed-upon intervals.,N,First 24 hours
3CA01,Short-Term Operations,12,2,Verify dependent processes resume cleanly as this one returns to service.,N,First 24 hours
3CA02,Process Name,1,0,Vendor Payments,N,
3CA02,Department,2,0,Finance,N,
3CA02,Program Office,3,0,Finance,N,
3CA02,Operational Category,4,0,3-Critical Admin,N,
3CA02,Priority within Category,5,0,2,N,
3CA02,Restoration Score,6,0,44,N,
3CA02,Description,1,0,"Vendor Payments is a critical admin process owned by Finance. It supports day-to-day operations and is referenced during disruptions where its inputs, outputs, or supporting resources are degraded. Restoration sequencing depends on the upstream systems and personnel that this process draws on.",N,
3CA02,Impacts,1,0,No directly mapped downstream impacts in this dataset.,N,
3CA02,Critical Questions,1,1,Who owns this asset and who is the on-call backup outside business hours?,N,
3CA02,Critical Questions,2,1,"What manual workaround exists if this asset is unavailable, and how long can it sustain operations?",N,
3CA02,Critical Questions,3,1,What is the documented recovery time objective (RTO) for this asset?,N,
3CA02,Critical Questions,4,1,"Which upstream dependencies, if degraded, would prevent recovery of this asset?",N,
3CA02,Critical Questions,5,1,Which downstream dependencies should be notified first when this asset goes down?,N,
3CA02,Critical Questions,6,1,"What vendor or external party is required for restoration, and how are they reached?",N,
3CA02,Critical Questions,7,1,"What data, configuration, or state would be lost if this asset failed catastrophically?",N,
3CA02,Critical Questions,8,1,When was the recovery procedure for this asset last tested or exercised?,N,
3CA02,Short-Term Operations,1,1,First 30 minutes,Y,First 30 minutes
3CA02,Short-Term Operations,2,2,Confirm scope of disruption and identify which Finance resources are affected.,N,First 30 minutes
3CA02,Short-Term Operations,3,2,Notify the process owner and primary on-call contact.,N,First 30 minutes
3CA02,Short-Term Operations,4,2,Activate manual workarounds where they exist and are safe to use.,N,First 30 minutes
3CA02,Short-Term Operations,5,1,First 2 hours,Y,First 2 hours
3CA02,Short-Term Operations,6,2,Convene a stand-up of the affected team and operational leadership.,N,First 2 hours
3CA02,Short-Term Operations,7,2,Document the impact and which downstream items are blocked.,N,First 2 hours
3CA02,Short-Term Operations,8,2,Prioritize restoration actions in order of downstream cascade severity.,N,First 2 hours
3CA02,Short-Term Operations,9,1,First 24 hours,Y,First 24 hours
3CA02,Short-Term Operations,10,2,Run the restoration sequence; coordinate with upstream owners as required.,N,First 24 hours
3CA02,Short-Term Operations,11,2,Communicate status to leadership at agreed-upon intervals.,N,First 24 hours
3CA02,Short-Term Operations,12,2,Verify dependent processes resume cleanly as this one returns to service.,N,First 24 hours
3CA03,Process Name,1,0,Internal Communications,N,
3CA03,Department,2,0,Human Resources,N,
3CA03,Program Office,3,0,HR / Comms,N,
3CA03,Operational Category,4,0,3-Critical Admin,N,
3CA03,Priority within Category,5,0,3,N,
3CA03,Restoration Score,6,0,42,N,
3CA03,Description,1,0,"Internal Communications is a critical admin process owned by Human Resources. It supports day-to-day operations and is referenced during disruptions where its inputs, outputs, or supporting resources are degraded. Restoration sequencing depends on the upstream systems and personnel that this process draws on.",N,
3CA03,Impacts,1,0,No directly mapped downstream impacts in this dataset.,N,
3CA03,Critical Questions,1,1,Who owns this asset and who is the on-call backup outside business hours?,N,
3CA03,Critical Questions,2,1,"What manual workaround exists if this asset is unavailable, and how long can it sustain operations?",N,
3CA03,Critical Questions,3,1,What is the documented recovery time objective (RTO) for this asset?,N,
3CA03,Critical Questions,4,1,"Which upstream dependencies, if degraded, would prevent recovery of this asset?",N,
3CA03,Critical Questions,5,1,Which downstream dependencies should be notified first when this asset goes down?,N,
3CA03,Critical Questions,6,1,"What vendor or external party is required for restoration, and how are they reached?",N,
3CA03,Critical Questions,7,1,"What data, configuration, or state would be lost if this asset failed catastrophically?",N,
3CA03,Critical Questions,8,1,When was the recovery procedure for this asset last tested or exercised?,N,
3CA03,Short-Term Operations,1,1,First 30 minutes,Y,First 30 minutes
3CA03,Short-Term Operations,2,2,Confirm scope of disruption and identify which Human Resources resources are affected.,N,First 30 minutes
3CA03,Short-Term Operations,3,2,Notify the process owner and primary on-call contact.,N,First 30 minutes
3CA03,Short-Term Operations,4,2,Activate manual workarounds where they exist and are safe to use.,N,First 30 minutes
3CA03,Short-Term Operations,5,1,First 2 hours,Y,First 2 hours
3CA03,Short-Term Operations,6,2,Convene a stand-up of the affected team and operational leadership.,N,First 2 hours
3CA03,Short-Term Operations,7,2,Document the impact and which downstream items are blocked.,N,First 2 hours
3CA03,Short-Term Operations,8,2,Prioritize restoration actions in order of downstream cascade severity.,N,First 2 hours
3CA03,Short-Term Operations,9,1,First 24 hours,Y,First 24 hours
3CA03,Short-Term Operations,10,2,Run the restoration sequence; coordinate with upstream owners as required.,N,First 24 hours
3CA03,Short-Term Operations,11,2,Communicate status to leadership at agreed-upon intervals.,N,First 24 hours
3CA03,Short-Term Operations,12,2,Verify dependent processes resume cleanly as this one returns to service.,N,First 24 hours
3CA04,Process Name,1,0,HR Records Management,N,
3CA04,Department,2,0,Human Resources,N,
3CA04,Program Office,3,0,HR,N,
3CA04,Operational Category,4,0,3-Critical Admin,N,
3CA04,Priority within Category,5,0,4,N,
3CA04,Restoration Score,6,0,40,N,
3CA04,Description,1,0,"HR Records Management is a critical admin process owned by Human Resources. It supports day-to-day operations and is referenced during disruptions where its inputs, outputs, or supporting resources are degraded. Restoration sequencing depends on the upstream systems and personnel that this process draws on.",N,
3CA04,Impacts,1,0,No directly mapped downstream impacts in this dataset.,N,
3CA04,Critical Questions,1,1,Who owns this asset and who is the on-call backup outside business hours?,N,
3CA04,Critical Questions,2,1,"What manual workaround exists if this asset is unavailable, and how long can it sustain operations?",N,
3CA04,Critical Questions,3,1,What is the documented recovery time objective (RTO) for this asset?,N,
3CA04,Critical Questions,4,1,"Which upstream dependencies, if degraded, would prevent recovery of this asset?",N,
3CA04,Critical Questions,5,1,Which downstream dependencies should be notified first when this asset goes down?,N,
3CA04,Critical Questions,6,1,"What vendor or external party is required for restoration, and how are they reached?",N,
3CA04,Critical Questions,7,1,"What data, configuration, or state would be lost if this asset failed catastrophically?",N,
3CA04,Critical Questions,8,1,When was the recovery procedure for this asset last tested or exercised?,N,
3CA04,Short-Term Operations,1,1,First 30 minutes,Y,First 30 minutes
3CA04,Short-Term Operations,2,2,Confirm scope of disruption and identify which Human Resources resources are affected.,N,First 30 minutes
3CA04,Short-Term Operations,3,2,Notify the process owner and primary on-call contact.,N,First 30 minutes
3CA04,Short-Term Operations,4,2,Activate manual workarounds where they exist and are safe to use.,N,First 30 minutes
3CA04,Short-Term Operations,5,1,First 2 hours,Y,First 2 hours
3CA04,Short-Term Operations,6,2,Convene a stand-up of the affected team and operational leadership.,N,First 2 hours
3CA04,Short-Term Operations,7,2,Document the impact and which downstream items are blocked.,N,First 2 hours
3CA04,Short-Term Operations,8,2,Prioritize restoration actions in order of downstream cascade severity.,N,First 2 hours
3CA04,Short-Term Operations,9,1,First 24 hours,Y,First 24 hours
3CA04,Short-Term Operations,10,2,Run the restoration sequence; coordinate with upstream owners as required.,N,First 24 hours
3CA04,Short-Term Operations,11,2,Communicate status to leadership at agreed-upon intervals.,N,First 24 hours
3CA04,Short-Term Operations,12,2,Verify dependent processes resume cleanly as this one returns to service.,N,First 24 hours
3CA05,Process Name,1,0,Regulatory Reporting,N,
3CA05,Department,2,0,Finance,N,
3CA05,Program Office,3,0,Finance / Compliance,N,
3CA05,Operational Category,4,0,3-Critical Admin,N,
3CA05,Priority within Category,5,0,5,N,
3CA05,Restoration Score,6,0,39,N,
3CA05,Description,1,0,"Regulatory Reporting is a critical admin process owned by Finance. It supports day-to-day operations and is referenced during disruptions where its inputs, outputs, or supporting resources are degraded. Restoration sequencing depends on the upstream systems and personnel that this process draws on.",N,
3CA05,Impacts,1,0,No directly mapped downstream impacts in this dataset.,N,
3CA05,Critical Questions,1,1,Who owns this asset and who is the on-call backup outside business hours?,N,
3CA05,Critical Questions,2,1,"What manual workaround exists if this asset is unavailable, and how long can it sustain operations?",N,
3CA05,Critical Questions,3,1,What is the documented recovery time objective (RTO) for this asset?,N,
3CA05,Critical Questions,4,1,"Which upstream dependencies, if degraded, would prevent recovery of this asset?",N,
3CA05,Critical Questions,5,1,Which downstream dependencies should be notified first when this asset goes down?,N,
3CA05,Critical Questions,6,1,"What vendor or external party is required for restoration, and how are they reached?",N,
3CA05,Critical Questions,7,1,"What data, configuration, or state would be lost if this asset failed catastrophically?",N,
3CA05,Critical Questions,8,1,When was the recovery procedure for this asset last tested or exercised?,N,
3CA05,Short-Term Operations,1,1,First 30 minutes,Y,First 30 minutes
3CA05,Short-Term Operations,2,2,Confirm scope of disruption and identify which Finance resources are affected.,N,First 30 minutes
3CA05,Short-Term Operations,3,2,Notify the process owner and primary on-call contact.,N,First 30 minutes
3CA05,Short-Term Operations,4,2,Activate manual workarounds where they exist and are safe to use.,N,First 30 minutes
3CA05,Short-Term Operations,5,1,First 2 hours,Y,First 2 hours
3CA05,Short-Term Operations,6,2,Convene a stand-up of the affected team and operational leadership.,N,First 2 hours
3CA05,Short-Term Operations,7,2,Document the impact and which downstream items are blocked.,N,First 2 hours
3CA05,Short-Term Operations,8,2,Prioritize restoration actions in order of downstream cascade severity.,N,First 2 hours
3CA05,Short-Term Operations,9,1,First 24 hours,Y,First 24 hours
3CA05,Short-Term Operations,10,2,Run the restoration sequence; coordinate with upstream owners as required.,N,First 24 hours
3CA05,Short-Term Operations,11,2,Communicate status to leadership at agreed-upon intervals.,N,First 24 hours
3CA05,Short-Term Operations,12,2,Verify dependent processes resume cleanly as this one returns to service.,N,First 24 hours
3CA06,Process Name,1,0,Financial Reporting,N,
3CA06,Department,2,0,Finance,N,
3CA06,Program Office,3,0,Finance,N,
3CA06,Operational Category,4,0,3-Critical Admin,N,
3CA06,Priority within Category,5,0,6,N,
3CA06,Restoration Score,6,0,38,N,
3CA06,Description,1,0,"Financial Reporting is a critical admin process owned by Finance. It supports day-to-day operations and is referenced during disruptions where its inputs, outputs, or supporting resources are degraded. Restoration sequencing depends on the upstream systems and personnel that this process draws on.",N,
3CA06,Impacts,1,0,No directly mapped downstream impacts in this dataset.,N,
3CA06,Critical Questions,1,1,Who owns this asset and who is the on-call backup outside business hours?,N,
3CA06,Critical Questions,2,1,"What manual workaround exists if this asset is unavailable, and how long can it sustain operations?",N,
3CA06,Critical Questions,3,1,What is the documented recovery time objective (RTO) for this asset?,N,
3CA06,Critical Questions,4,1,"Which upstream dependencies, if degraded, would prevent recovery of this asset?",N,
3CA06,Critical Questions,5,1,Which downstream dependencies should be notified first when this asset goes down?,N,
3CA06,Critical Questions,6,1,"What vendor or external party is required for restoration, and how are they reached?",N,
3CA06,Critical Questions,7,1,"What data, configuration, or state would be lost if this asset failed catastrophically?",N,
3CA06,Critical Questions,8,1,When was the recovery procedure for this asset last tested or exercised?,N,
3CA06,Short-Term Operations,1,1,First 30 minutes,Y,First 30 minutes
3CA06,Short-Term Operations,2,2,Confirm scope of disruption and identify which Finance resources are affected.,N,First 30 minutes
3CA06,Short-Term Operations,3,2,Notify the process owner and primary on-call contact.,N,First 30 minutes
3CA06,Short-Term Operations,4,2,Activate manual workarounds where they exist and are safe to use.,N,First 30 minutes
3CA06,Short-Term Operations,5,1,First 2 hours,Y,First 2 hours
3CA06,Short-Term Operations,6,2,Convene a stand-up of the affected team and operational leadership.,N,First 2 hours
3CA06,Short-Term Operations,7,2,Document the impact and which downstream items are blocked.,N,First 2 hours
3CA06,Short-Term Operations,8,2,Prioritize restoration actions in order of downstream cascade severity.,N,First 2 hours
3CA06,Short-Term Operations,9,1,First 24 hours,Y,First 24 hours
3CA06,Short-Term Operations,10,2,Run the restoration sequence; coordinate with upstream owners as required.,N,First 24 hours
3CA06,Short-Term Operations,11,2,Communicate status to leadership at agreed-upon intervals.,N,First 24 hours
3CA06,Short-Term Operations,12,2,Verify dependent processes resume cleanly as this one returns to service.,N,First 24 hours
4OT01,Process Name,1,0,Training & Development,N,
4OT01,Department,2,0,Human Resources,N,
4OT01,Program Office,3,0,HR,N,
4OT01,Operational Category,4,0,4-Other,N,
4OT01,Priority within Category,5,0,1,N,
4OT01,Restoration Score,6,0,25,N,
4OT01,Description,1,0,"Training & Development is a other process owned by Human Resources. It supports day-to-day operations and is referenced during disruptions where its inputs, outputs, or supporting resources are degraded. Restoration sequencing depends on the upstream systems and personnel that this process draws on.",N,
4OT01,Impacts,1,0,No directly mapped downstream impacts in this dataset.,N,
4OT01,Critical Questions,1,1,Who owns this asset and who is the on-call backup outside business hours?,N,
4OT01,Critical Questions,2,1,"What manual workaround exists if this asset is unavailable, and how long can it sustain operations?",N,
4OT01,Critical Questions,3,1,What is the documented recovery time objective (RTO) for this asset?,N,
4OT01,Critical Questions,4,1,"Which upstream dependencies, if degraded, would prevent recovery of this asset?",N,
4OT01,Critical Questions,5,1,Which downstream dependencies should be notified first when this asset goes down?,N,
4OT01,Critical Questions,6,1,"What vendor or external party is required for restoration, and how are they reached?",N,
4OT01,Critical Questions,7,1,"What data, configuration, or state would be lost if this asset failed catastrophically?",N,
4OT01,Critical Questions,8,1,When was the recovery procedure for this asset last tested or exercised?,N,
4OT01,Short-Term Operations,1,1,First 30 minutes,Y,First 30 minutes
4OT01,Short-Term Operations,2,2,Confirm scope of disruption and identify which Human Resources resources are affected.,N,First 30 minutes
4OT01,Short-Term Operations,3,2,Notify the process owner and primary on-call contact.,N,First 30 minutes
4OT01,Short-Term Operations,4,2,Activate manual workarounds where they exist and are safe to use.,N,First 30 minutes
4OT01,Short-Term Operations,5,1,First 2 hours,Y,First 2 hours
4OT01,Short-Term Operations,6,2,Convene a stand-up of the affected team and operational leadership.,N,First 2 hours
4OT01,Short-Term Operations,7,2,Document the impact and which downstream items are blocked.,N,First 2 hours
4OT01,Short-Term Operations,8,2,Prioritize restoration actions in order of downstream cascade severity.,N,First 2 hours
4OT01,Short-Term Operations,9,1,First 24 hours,Y,First 24 hours
4OT01,Short-Term Operations,10,2,Run the restoration sequence; coordinate with upstream owners as required.,N,First 24 hours
4OT01,Short-Term Operations,11,2,Communicate status to leadership at agreed-upon intervals.,N,First 24 hours
4OT01,Short-Term Operations,12,2,Verify dependent processes resume cleanly as this one returns to service.,N,First 24 hours
4OT02,Process Name,1,0,Vendor Onboarding,N,
4OT02,Department,2,0,Supply Chain,N,
4OT02,Program Office,3,0,Supply Chain,N,
4OT02,Operational Category,4,0,4-Other,N,
4OT02,Priority within Category,5,0,2,N,
4OT02,Restoration Score,6,0,24,N,
4OT02,Description,1,0,"Vendor Onboarding is a other process owned by Supply Chain. It supports day-to-day operations and is referenced during disruptions where its inputs, outputs, or supporting resources are degraded. Restoration sequencing depends on the upstream systems and personnel that this process draws on.",N,
4OT02,Impacts,1,0,No directly mapped downstream impacts in this dataset.,N,
4OT02,Critical Questions,1,1,Who owns this asset and who is the on-call backup outside business hours?,N,
4OT02,Critical Questions,2,1,"What manual workaround exists if this asset is unavailable, and how long can it sustain operations?",N,
4OT02,Critical Questions,3,1,What is the documented recovery time objective (RTO) for this asset?,N,
4OT02,Critical Questions,4,1,"Which upstream dependencies, if degraded, would prevent recovery of this asset?",N,
4OT02,Critical Questions,5,1,Which downstream dependencies should be notified first when this asset goes down?,N,
4OT02,Critical Questions,6,1,"What vendor or external party is required for restoration, and how are they reached?",N,
4OT02,Critical Questions,7,1,"What data, configuration, or state would be lost if this asset failed catastrophically?",N,
4OT02,Critical Questions,8,1,When was the recovery procedure for this asset last tested or exercised?,N,
4OT02,Short-Term Operations,1,1,First 30 minutes,Y,First 30 minutes
4OT02,Short-Term Operations,2,2,Confirm scope of disruption and identify which Supply Chain resources are affected.,N,First 30 minutes
4OT02,Short-Term Operations,3,2,Notify the process owner and primary on-call contact.,N,First 30 minutes
4OT02,Short-Term Operations,4,2,Activate manual workarounds where they exist and are safe to use.,N,First 30 minutes
4OT02,Short-Term Operations,5,1,First 2 hours,Y,First 2 hours
4OT02,Short-Term Operations,6,2,Convene a stand-up of the affected team and operational leadership.,N,First 2 hours
4OT02,Short-Term Operations,7,2,Document the impact and which downstream items are blocked.,N,First 2 hours
4OT02,Short-Term Operations,8,2,Prioritize restoration actions in order of downstream cascade severity.,N,First 2 hours
4OT02,Short-Term Operations,9,1,First 24 hours,Y,First 24 hours
4OT02,Short-Term Operations,10,2,Run the restoration sequence; coordinate with upstream owners as required.,N,First 24 hours
4OT02,Short-Term Operations,11,2,Communicate status to leadership at agreed-upon intervals.,N,First 24 hours
4OT02,Short-Term Operations,12,2,Verify dependent processes resume cleanly as this one returns to service.,N,First 24 hours
4OT03,Process Name,1,0,Public Relations,N,
4OT03,Department,2,0,Human Resources,N,
4OT03,Program Office,3,0,HR / Comms,N,
4OT03,Operational Category,4,0,4-Other,N,
4OT03,Priority within Category,5,0,3,N,
4OT03,Restoration Score,6,0,22,N,
4OT03,Description,1,0,"Public Relations is a other process owned by Human Resources. It supports day-to-day operations and is referenced during disruptions where its inputs, outputs, or supporting resources are degraded. Restoration sequencing depends on the upstream systems and personnel that this process draws on.",N,
4OT03,Impacts,1,0,No directly mapped downstream impacts in this dataset.,N,
4OT03,Critical Questions,1,1,Who owns this asset and who is the on-call backup outside business hours?,N,
4OT03,Critical Questions,2,1,"What manual workaround exists if this asset is unavailable, and how long can it sustain operations?",N,
4OT03,Critical Questions,3,1,What is the documented recovery time objective (RTO) for this asset?,N,
4OT03,Critical Questions,4,1,"Which upstream dependencies, if degraded, would prevent recovery of this asset?",N,
4OT03,Critical Questions,5,1,Which downstream dependencies should be notified first when this asset goes down?,N,
4OT03,Critical Questions,6,1,"What vendor or external party is required for restoration, and how are they reached?",N,
4OT03,Critical Questions,7,1,"What data, configuration, or state would be lost if this asset failed catastrophically?",N,
4OT03,Critical Questions,8,1,When was the recovery procedure for this asset last tested or exercised?,N,
4OT03,Short-Term Operations,1,1,First 30 minutes,Y,First 30 minutes
4OT03,Short-Term Operations,2,2,Confirm scope of disruption and identify which Human Resources resources are affected.,N,First 30 minutes
4OT03,Short-Term Operations,3,2,Notify the process owner and primary on-call contact.,N,First 30 minutes
4OT03,Short-Term Operations,4,2,Activate manual workarounds where they exist and are safe to use.,N,First 30 minutes
4OT03,Short-Term Operations,5,1,First 2 hours,Y,First 2 hours
4OT03,Short-Term Operations,6,2,Convene a stand-up of the affected team and operational leadership.,N,First 2 hours
4OT03,Short-Term Operations,7,2,Document the impact and which downstream items are blocked.,N,First 2 hours
4OT03,Short-Term Operations,8,2,Prioritize restoration actions in order of downstream cascade severity.,N,First 2 hours
4OT03,Short-Term Operations,9,1,First 24 hours,Y,First 24 hours
4OT03,Short-Term Operations,10,2,Run the restoration sequence; coordinate with upstream owners as required.,N,First 24 hours
4OT03,Short-Term Operations,11,2,Communicate status to leadership at agreed-upon intervals.,N,First 24 hours
4OT03,Short-Term Operations,12,2,Verify dependent processes resume cleanly as this one returns to service.,N,First 24 hours
4OT04,Process Name,1,0,Visitor Management,N,
4OT04,Department,2,0,Security,N,
4OT04,Program Office,3,0,Security,N,
4OT04,Operational Category,4,0,4-Other,N,
4OT04,Priority within Category,5,0,4,N,
4OT04,Restoration Score,6,0,20,N,
4OT04,Description,1,0,"Visitor Management is a other process owned by Security. It supports day-to-day operations and is referenced during disruptions where its inputs, outputs, or supporting resources are degraded. Restoration sequencing depends on the upstream systems and personnel that this process draws on.",N,
4OT04,Impacts,1,0,No directly mapped downstream impacts in this dataset.,N,
4OT04,Critical Questions,1,1,Who owns this asset and who is the on-call backup outside business hours?,N,
4OT04,Critical Questions,2,1,"What manual workaround exists if this asset is unavailable, and how long can it sustain operations?",N,
4OT04,Critical Questions,3,1,What is the documented recovery time objective (RTO) for this asset?,N,
4OT04,Critical Questions,4,1,"Which upstream dependencies, if degraded, would prevent recovery of this asset?",N,
4OT04,Critical Questions,5,1,Which downstream dependencies should be notified first when this asset goes down?,N,
4OT04,Critical Questions,6,1,"What vendor or external party is required for restoration, and how are they reached?",N,
4OT04,Critical Questions,7,1,"What data, configuration, or state would be lost if this asset failed catastrophically?",N,
4OT04,Critical Questions,8,1,When was the recovery procedure for this asset last tested or exercised?,N,
4OT04,Short-Term Operations,1,1,First 30 minutes,Y,First 30 minutes
4OT04,Short-Term Operations,2,2,Confirm scope of disruption and identify which Security resources are affected.,N,First 30 minutes
4OT04,Short-Term Operations,3,2,Notify the process owner and primary on-call contact.,N,First 30 minutes
4OT04,Short-Term Operations,4,2,Activate manual workarounds where they exist and are safe to use.,N,First 30 minutes
4OT04,Short-Term Operations,5,1,First 2 hours,Y,First 2 hours
4OT04,Short-Term Operations,6,2,Convene a stand-up of the affected team and operational leadership.,N,First 2 hours
4OT04,Short-Term Operations,7,2,Document the impact and which downstream items are blocked.,N,First 2 hours
4OT04,Short-Term Operations,8,2,Prioritize restoration actions in order of downstream cascade severity.,N,First 2 hours
4OT04,Short-Term Operations,9,1,First 24 hours,Y,First 24 hours
4OT04,Short-Term Operations,10,2,Run the restoration sequence; coordinate with upstream owners as required.,N,First 24 hours
4OT04,Short-Term Operations,11,2,Communicate status to leadership at agreed-upon intervals.,N,First 24 hours
4OT04,Short-Term Operations,12,2,Verify dependent processes resume cleanly as this one returns to service.,N,First 24 hours
S001,Process Name,1,0,Primary Power Grid,N,
S001,Department,2,0,Facilities Management,N,
S001,Program Office,3,0,Facilities,N,
S001,Operational Category,4,0,2-Critical Operations,N,
S001,Priority within Category,5,0,1,N,
S001,Restoration Score,6,0,90,N,
S001,Description,1,0,"Primary Power Grid is a system within Facilities Management's portfolio. It provides services that other processes and systems depend on, and its availability affects the cascade of downstream operations. During incidents, restoring this system removes blockers for the items listed in its downstream dependencies.",N,
S001,Impacts,1,0,"If unavailable, this asset has 27 direct downstream dependencies and 71 total cascading impacts (deduplicated). The cascade reaches a maximum depth of 4 hops in the dependency graph.",N,
S001,Critical Questions,1,1,Who owns this asset and who is the on-call backup outside business hours?,N,
S001,Critical Questions,2,1,"What manual workaround exists if this asset is unavailable, and how long can it sustain operations?",N,
S001,Critical Questions,3,1,What is the documented recovery time objective (RTO) for this asset?,N,
S001,Critical Questions,4,1,"Which upstream dependencies, if degraded, would prevent recovery of this asset?",N,
S001,Critical Questions,5,1,Which downstream dependencies should be notified first when this asset goes down?,N,
S001,Critical Questions,6,1,"What vendor or external party is required for restoration, and how are they reached?",N,
S001,Critical Questions,7,1,"What data, configuration, or state would be lost if this asset failed catastrophically?",N,
S001,Critical Questions,8,1,When was the recovery procedure for this asset last tested or exercised?,N,
S001,Short-Term Operations,1,1,First 30 minutes,Y,First 30 minutes
S001,Short-Term Operations,2,2,Open a P1 ticket and engage the Facilities Management system owner.,N,First 30 minutes
S001,Short-Term Operations,3,2,"Confirm whether the issue is power, network, application, or data layer.",N,First 30 minutes
S001,Short-Term Operations,4,2,Identify any redundant or alternate path to the same function.,N,First 30 minutes
S001,Short-Term Operations,5,1,First 2 hours,Y,First 2 hours
S001,Short-Term Operations,6,2,Mobilize the technical team with appropriate vendor support.,N,First 2 hours
S001,Short-Term Operations,7,2,Activate the documented manual workaround for any time-critical use of the system.,N,First 2 hours
S001,Short-Term Operations,8,2,Communicate the outage to dependent system and process owners.,N,First 2 hours
S001,Short-Term Operations,9,1,First 24 hours,Y,First 24 hours
S001,Short-Term Operations,10,2,Execute the recovery procedure defined for this system.,N,First 24 hours
S001,Short-Term Operations,11,2,Validate data integrity and dependent integrations after restoration.,N,First 24 hours
S001,Short-Term Operations,12,2,Document root cause and any required configuration or process changes.,N,First 24 hours
S002,Process Name,1,0,Backup Generator System,N,
S002,Department,2,0,Facilities Management,N,
S002,Program Office,3,0,Facilities,N,
S002,Operational Category,4,0,2-Critical Operations,N,
S002,Priority within Category,5,0,1,N,
S002,Restoration Score,6,0,90,N,
S002,Description,1,0,"Backup Generator System is a system within Facilities Management's portfolio. It provides services that other processes and systems depend on, and its availability affects the cascade of downstream operations. During incidents, restoring this system removes blockers for the items listed in its downstream dependencies.",N,
S002,Impacts,1,0,"If unavailable, this asset has 5 direct downstream dependencies and 48 total cascading impacts (deduplicated). The cascade reaches a maximum depth of 4 hops in the dependency graph.",N,
S002,Critical Questions,1,1,Who owns this asset and who is the on-call backup outside business hours?,N,
S002,Critical Questions,2,1,"What manual workaround exists if this asset is unavailable, and how long can it sustain operations?",N,
S002,Critical Questions,3,1,What is the documented recovery time objective (RTO) for this asset?,N,
S002,Critical Questions,4,1,"Which upstream dependencies, if degraded, would prevent recovery of this asset?",N,
S002,Critical Questions,5,1,Which downstream dependencies should be notified first when this asset goes down?,N,
S002,Critical Questions,6,1,"What vendor or external party is required for restoration, and how are they reached?",N,
S002,Critical Questions,7,1,"What data, configuration, or state would be lost if this asset failed catastrophically?",N,
S002,Critical Questions,8,1,When was the recovery procedure for this asset last tested or exercised?,N,
S002,Short-Term Operations,1,1,First 30 minutes,Y,First 30 minutes
S002,Short-Term Operations,2,2,Open a P1 ticket and engage the Facilities Management system owner.,N,First 30 minutes
S002,Short-Term Operations,3,2,"Confirm whether the issue is power, network, application, or data layer.",N,First 30 minutes
S002,Short-Term Operations,4,2,Identify any redundant or alternate path to the same function.,N,First 30 minutes
S002,Short-Term Operations,5,1,First 2 hours,Y,First 2 hours
S002,Short-Term Operations,6,2,Mobilize the technical team with appropriate vendor support.,N,First 2 hours
S002,Short-Term Operations,7,2,Activate the documented manual workaround for any time-critical use of the system.,N,First 2 hours
S002,Short-Term Operations,8,2,Communicate the outage to dependent system and process owners.,N,First 2 hours
S002,Short-Term Operations,9,1,First 24 hours,Y,First 24 hours
S002,Short-Term Operations,10,2,Execute the recovery procedure defined for this system.,N,First 24 hours
S002,Short-Term Operations,11,2,Validate data integrity and dependent integrations after restoration.,N,First 24 hours
S002,Short-Term Operations,12,2,Document root cause and any required configuration or process changes.,N,First 24 hours
S003,Process Name,1,0,Uninterruptible Power Supply (UPS),N,
S003,Department,2,0,Information Technology,N,
S003,Program Office,3,0,IT Infra,N,
S003,Operational Category,4,0,2-Critical Operations,N,
S003,Priority within Category,5,0,1,N,
S003,Restoration Score,6,0,90,N,
S003,Description,1,0,"Uninterruptible Power Supply (UPS) is a system within Information Technology's portfolio. It provides services that other processes and systems depend on, and its availability affects the cascade of downstream operations. During incidents, restoring this system removes blockers for the items listed in its downstream dependencies.",N,
S003,Impacts,1,0,"If unavailable, this asset has 3 direct downstream dependencies and 46 total cascading impacts (deduplicated). The cascade reaches a maximum depth of 3 hops in the dependency graph.",N,
S003,Critical Questions,1,1,Who owns this asset and who is the on-call backup outside business hours?,N,
S003,Critical Questions,2,1,"What manual workaround exists if this asset is unavailable, and how long can it sustain operations?",N,
S003,Critical Questions,3,1,What is the documented recovery time objective (RTO) for this asset?,N,
S003,Critical Questions,4,1,"Which upstream dependencies, if degraded, would prevent recovery of this asset?",N,
S003,Critical Questions,5,1,Which downstream dependencies should be notified first when this asset goes down?,N,
S003,Critical Questions,6,1,"What vendor or external party is required for restoration, and how are they reached?",N,
S003,Critical Questions,7,1,"What data, configuration, or state would be lost if this asset failed catastrophically?",N,
S003,Critical Questions,8,1,When was the recovery procedure for this asset last tested or exercised?,N,
S003,Short-Term Operations,1,1,First 30 minutes,Y,First 30 minutes
S003,Short-Term Operations,2,2,Open a P1 ticket and engage the Information Technology system owner.,N,First 30 minutes
S003,Short-Term Operations,3,2,"Confirm whether the issue is power, network, application, or data layer.",N,First 30 minutes
S003,Short-Term Operations,4,2,Identify any redundant or alternate path to the same function.,N,First 30 minutes
S003,Short-Term Operations,5,1,First 2 hours,Y,First 2 hours
S003,Short-Term Operations,6,2,Mobilize the technical team with appropriate vendor support.,N,First 2 hours
S003,Short-Term Operations,7,2,Activate the documented manual workaround for any time-critical use of the system.,N,First 2 hours
S003,Short-Term Operations,8,2,Communicate the outage to dependent system and process owners.,N,First 2 hours
S003,Short-Term Operations,9,1,First 24 hours,Y,First 24 hours
S003,Short-Term Operations,10,2,Execute the recovery procedure defined for this system.,N,First 24 hours
S003,Short-Term Operations,11,2,Validate data integrity and dependent integrations after restoration.,N,First 24 hours
S003,Short-Term Operations,12,2,Document root cause and any required configuration or process changes.,N,First 24 hours
S004,Process Name,1,0,Active Directory,N,
S004,Department,2,0,Information Technology,N,
S004,Program Office,3,0,IT Infra,N,
S004,Operational Category,4,0,2-Critical Operations,N,
S004,Priority within Category,5,0,1,N,
S004,Restoration Score,6,0,85,N,
S004,Description,1,0,"Active Directory is a system within Information Technology's portfolio. It provides services that other processes and systems depend on, and its availability affects the cascade of downstream operations. During incidents, restoring this system removes blockers for the items listed in its downstream dependencies.",N,
S004,Impacts,1,0,"If unavailable, this asset has 12 direct downstream dependencies and 24 total cascading impacts (deduplicated). The cascade reaches a maximum depth of 2 hops in the dependency graph.",N,
S004,Critical Questions,1,1,Who owns this asset and who is the on-call backup outside business hours?,N,
S004,Critical Questions,2,1,"What manual workaround exists if this asset is unavailable, and how long can it sustain operations?",N,
S004,Critical Questions,3,1,What is the documented recovery time objective (RTO) for this asset?,N,
S004,Critical Questions,4,1,"Which upstream dependencies, if degraded, would prevent recovery of this asset?",N,
S004,Critical Questions,5,1,Which downstream dependencies should be notified first when this asset goes down?,N,
S004,Critical Questions,6,1,"What vendor or external party is required for restoration, and how are they reached?",N,
S004,Critical Questions,7,1,"What data, configuration, or state would be lost if this asset failed catastrophically?",N,
S004,Critical Questions,8,1,When was the recovery procedure for this asset last tested or exercised?,N,
S004,Short-Term Operations,1,1,First 30 minutes,Y,First 30 minutes
S004,Short-Term Operations,2,2,Open a P1 ticket and engage the Information Technology system owner.,N,First 30 minutes
S004,Short-Term Operations,3,2,"Confirm whether the issue is power, network, application, or data layer.",N,First 30 minutes
S004,Short-Term Operations,4,2,Identify any redundant or alternate path to the same function.,N,First 30 minutes
S004,Short-Term Operations,5,1,First 2 hours,Y,First 2 hours
S004,Short-Term Operations,6,2,Mobilize the technical team with appropriate vendor support.,N,First 2 hours
S004,Short-Term Operations,7,2,Activate the documented manual workaround for any time-critical use of the system.,N,First 2 hours
S004,Short-Term Operations,8,2,Communicate the outage to dependent system and process owners.,N,First 2 hours
S004,Short-Term Operations,9,1,First 24 hours,Y,First 24 hours
S004,Short-Term Operations,10,2,Execute the recovery procedure defined for this system.,N,First 24 hours
S004,Short-Term Operations,11,2,Validate data integrity and dependent integrations after restoration.,N,First 24 hours
S004,Short-Term Operations,12,2,Document root cause and any required configuration or process changes.,N,First 24 hours
S005,Process Name,1,0,Network Core Switching,N,
S005,Department,2,0,Information Technology,N,
S005,Program Office,3,0,IT Infra,N,
S005,Operational Category,4,0,2-Critical Operations,N,
S005,Priority within Category,5,0,1,N,
S005,Restoration Score,6,0,90,N,
S005,Description,1,0,"Network Core Switching is a system within Information Technology's portfolio. It provides services that other processes and systems depend on, and its availability affects the cascade of downstream operations. During incidents, restoring this system removes blockers for the items listed in its downstream dependencies.",N,
S005,Impacts,1,0,"If unavailable, this asset has 21 direct downstream dependencies and 40 total cascading impacts (deduplicated). The cascade reaches a maximum depth of 2 hops in the dependency graph.",N,
S005,Critical Questions,1,1,Who owns this asset and who is the on-call backup outside business hours?,N,
S005,Critical Questions,2,1,"What manual workaround exists if this asset is unavailable, and how long can it sustain operations?",N,
S005,Critical Questions,3,1,What is the documented recovery time objective (RTO) for this asset?,N,
S005,Critical Questions,4,1,"Which upstream dependencies, if degraded, would prevent recovery of this asset?",N,
S005,Critical Questions,5,1,Which downstream dependencies should be notified first when this asset goes down?,N,
S005,Critical Questions,6,1,"What vendor or external party is required for restoration, and how are they reached?",N,
S005,Critical Questions,7,1,"What data, configuration, or state would be lost if this asset failed catastrophically?",N,
S005,Critical Questions,8,1,When was the recovery procedure for this asset last tested or exercised?,N,
S005,Short-Term Operations,1,1,First 30 minutes,Y,First 30 minutes
S005,Short-Term Operations,2,2,Open a P1 ticket and engage the Information Technology system owner.,N,First 30 minutes
S005,Short-Term Operations,3,2,"Confirm whether the issue is power, network, application, or data layer.",N,First 30 minutes
S005,Short-Term Operations,4,2,Identify any redundant or alternate path to the same function.,N,First 30 minutes
S005,Short-Term Operations,5,1,First 2 hours,Y,First 2 hours
S005,Short-Term Operations,6,2,Mobilize the technical team with appropriate vendor support.,N,First 2 hours
S005,Short-Term Operations,7,2,Activate the documented manual workaround for any time-critical use of the system.,N,First 2 hours
S005,Short-Term Operations,8,2,Communicate the outage to dependent system and process owners.,N,First 2 hours
S005,Short-Term Operations,9,1,First 24 hours,Y,First 24 hours
S005,Short-Term Operations,10,2,Execute the recovery procedure defined for this system.,N,First 24 hours
S005,Short-Term Operations,11,2,Validate data integrity and dependent integrations after restoration.,N,First 24 hours
S005,Short-Term Operations,12,2,Document root cause and any required configuration or process changes.,N,First 24 hours
S006,Process Name,1,0,Internet Service (Primary ISP),N,
S006,Department,2,0,Information Technology,N,
S006,Program Office,3,0,IT Infra,N,
S006,Operational Category,4,0,2-Critical Operations,N,
S006,Priority within Category,5,0,1,N,
S006,Restoration Score,6,0,80,N,
S006,Description,1,0,"Internet Service (Primary ISP) is a system within Information Technology's portfolio. It provides services that other processes and systems depend on, and its availability affects the cascade of downstream operations. During incidents, restoring this system removes blockers for the items listed in its downstream dependencies.",N,
S006,Impacts,1,0,"If unavailable, this asset has 7 direct downstream dependencies and 14 total cascading impacts (deduplicated). The cascade reaches a maximum depth of 2 hops in the dependency graph.",N,
S006,Critical Questions,1,1,Who owns this asset and who is the on-call backup outside business hours?,N,
S006,Critical Questions,2,1,"What manual workaround exists if this asset is unavailable, and how long can it sustain operations?",N,
S006,Critical Questions,3,1,What is the documented recovery time objective (RTO) for this asset?,N,
S006,Critical Questions,4,1,"Which upstream dependencies, if degraded, would prevent recovery of this asset?",N,
S006,Critical Questions,5,1,Which downstream dependencies should be notified first when this asset goes down?,N,
S006,Critical Questions,6,1,"What vendor or external party is required for restoration, and how are they reached?",N,
S006,Critical Questions,7,1,"What data, configuration, or state would be lost if this asset failed catastrophically?",N,
S006,Critical Questions,8,1,When was the recovery procedure for this asset last tested or exercised?,N,
S006,Short-Term Operations,1,1,First 30 minutes,Y,First 30 minutes
S006,Short-Term Operations,2,2,Open a P1 ticket and engage the Information Technology system owner.,N,First 30 minutes
S006,Short-Term Operations,3,2,"Confirm whether the issue is power, network, application, or data layer.",N,First 30 minutes
S006,Short-Term Operations,4,2,Identify any redundant or alternate path to the same function.,N,First 30 minutes
S006,Short-Term Operations,5,1,First 2 hours,Y,First 2 hours
S006,Short-Term Operations,6,2,Mobilize the technical team with appropriate vendor support.,N,First 2 hours
S006,Short-Term Operations,7,2,Activate the documented manual workaround for any time-critical use of the system.,N,First 2 hours
S006,Short-Term Operations,8,2,Communicate the outage to dependent system and process owners.,N,First 2 hours
S006,Short-Term Operations,9,1,First 24 hours,Y,First 24 hours
S006,Short-Term Operations,10,2,Execute the recovery procedure defined for this system.,N,First 24 hours
S006,Short-Term Operations,11,2,Validate data integrity and dependent integrations after restoration.,N,First 24 hours
S006,Short-Term Operations,12,2,Document root cause and any required configuration or process changes.,N,First 24 hours
S007,Process Name,1,0,Internet Service (Backup ISP),N,
S007,Department,2,0,Information Technology,N,
S007,Program Office,3,0,IT Infra,N,
S007,Operational Category,4,0,2-Critical Operations,N,
S007,Priority within Category,5,0,2,N,
S007,Restoration Score,6,0,75,N,
S007,Description,1,0,"Internet Service (Backup ISP) is a system within Information Technology's portfolio. It provides services that other processes and systems depend on, and its availability affects the cascade of downstream operations. During incidents, restoring this system removes blockers for the items listed in its downstream dependencies.",N,
S007,Impacts,1,0,"If unavailable, this asset has 2 direct downstream dependencies and 7 total cascading impacts (deduplicated). The cascade reaches a maximum depth of 2 hops in the dependency graph.",N,
S007,Critical Questions,1,1,Who owns this asset and who is the on-call backup outside business hours?,N,
S007,Critical Questions,2,1,"What manual workaround exists if this asset is unavailable, and how long can it sustain operations?",N,
S007,Critical Questions,3,1,What is the documented recovery time objective (RTO) for this asset?,N,
S007,Critical Questions,4,1,"Which upstream dependencies, if degraded, would prevent recovery of this asset?",N,
S007,Critical Questions,5,1,Which downstream dependencies should be notified first when this asset goes down?,N,
S007,Critical Questions,6,1,"What vendor or external party is required for restoration, and how are they reached?",N,
S007,Critical Questions,7,1,"What data, configuration, or state would be lost if this asset failed catastrophically?",N,
S007,Critical Questions,8,1,When was the recovery procedure for this asset last tested or exercised?,N,
S007,Short-Term Operations,1,1,First 30 minutes,Y,First 30 minutes
S007,Short-Term Operations,2,2,Open a P1 ticket and engage the Information Technology system owner.,N,First 30 minutes
S007,Short-Term Operations,3,2,"Confirm whether the issue is power, network, application, or data layer.",N,First 30 minutes
S007,Short-Term Operations,4,2,Identify any redundant or alternate path to the same function.,N,First 30 minutes
S007,Short-Term Operations,5,1,First 2 hours,Y,First 2 hours
S007,Short-Term Operations,6,2,Mobilize the technical team with appropriate vendor support.,N,First 2 hours
S007,Short-Term Operations,7,2,Activate the documented manual workaround for any time-critical use of the system.,N,First 2 hours
S007,Short-Term Operations,8,2,Communicate the outage to dependent system and process owners.,N,First 2 hours
S007,Short-Term Operations,9,1,First 24 hours,Y,First 24 hours
S007,Short-Term Operations,10,2,Execute the recovery procedure defined for this system.,N,First 24 hours
S007,Short-Term Operations,11,2,Validate data integrity and dependent integrations after restoration.,N,First 24 hours
S007,Short-Term Operations,12,2,Document root cause and any required configuration or process changes.,N,First 24 hours
S008,Process Name,1,0,SCADA / Plant Control,N,
S008,Department,2,0,Operations,N,
S008,Program Office,3,0,Operations / IT,N,
S008,Operational Category,4,0,2-Critical Operations,N,
S008,Priority within Category,5,0,1,N,
S008,Restoration Score,6,0,74,N,
S008,Description,1,0,"SCADA / Plant Control is a system within Operations's portfolio. It provides services that other processes and systems depend on, and its availability affects the cascade of downstream operations. During incidents, restoring this system removes blockers for the items listed in its downstream dependencies.",N,
S008,Impacts,1,0,"If unavailable, this asset has 4 direct downstream dependencies and 4 total cascading impacts (deduplicated). The cascade reaches a maximum depth of 1 hops in the dependency graph.",N,
S008,Critical Questions,1,1,Who owns this asset and who is the on-call backup outside business hours?,N,
S008,Critical Questions,2,1,"What manual workaround exists if this asset is unavailable, and how long can it sustain operations?",N,
S008,Critical Questions,3,1,What is the documented recovery time objective (RTO) for this asset?,N,
S008,Critical Questions,4,1,"Which upstream dependencies, if degraded, would prevent recovery of this asset?",N,
S008,Critical Questions,5,1,Which downstream dependencies should be notified first when this asset goes down?,N,
S008,Critical Questions,6,1,"What vendor or external party is required for restoration, and how are they reached?",N,
S008,Critical Questions,7,1,"What data, configuration, or state would be lost if this asset failed catastrophically?",N,
S008,Critical Questions,8,1,When was the recovery procedure for this asset last tested or exercised?,N,
S008,Short-Term Operations,1,1,First 30 minutes,Y,First 30 minutes
S008,Short-Term Operations,2,2,Open a P1 ticket and engage the Operations system owner.,N,First 30 minutes
S008,Short-Term Operations,3,2,"Confirm whether the issue is power, network, application, or data layer.",N,First 30 minutes
S008,Short-Term Operations,4,2,Identify any redundant or alternate path to the same function.,N,First 30 minutes
S008,Short-Term Operations,5,1,First 2 hours,Y,First 2 hours
S008,Short-Term Operations,6,2,Mobilize the technical team with appropriate vendor support.,N,First 2 hours
S008,Short-Term Operations,7,2,Activate the documented manual workaround for any time-critical use of the system.,N,First 2 hours
S008,Short-Term Operations,8,2,Communicate the outage to dependent system and process owners.,N,First 2 hours
S008,Short-Term Operations,9,1,First 24 hours,Y,First 24 hours
S008,Short-Term Operations,10,2,Execute the recovery procedure defined for this system.,N,First 24 hours
S008,Short-Term Operations,11,2,Validate data integrity and dependent integrations after restoration.,N,First 24 hours
S008,Short-Term Operations,12,2,Document root cause and any required configuration or process changes.,N,First 24 hours
S009,Process Name,1,0,Manufacturing Execution System (MES),N,
S009,Department,2,0,Operations,N,
S009,Program Office,3,0,Operations / IT,N,
S009,Operational Category,4,0,2-Critical Operations,N,
S009,Priority within Category,5,0,1,N,
S009,Restoration Score,6,0,73,N,
S009,Description,1,0,"Manufacturing Execution System (MES) is a system within Operations's portfolio. It provides services that other processes and systems depend on, and its availability affects the cascade of downstream operations. During incidents, restoring this system removes blockers for the items listed in its downstream dependencies.",N,
S009,Impacts,1,0,"If unavailable, this asset has 3 direct downstream dependencies and 3 total cascading impacts (deduplicated). The cascade reaches a maximum depth of 1 hops in the dependency graph.",N,
S009,Critical Questions,1,1,Who owns this asset and who is the on-call backup outside business hours?,N,
S009,Critical Questions,2,1,"What manual workaround exists if this asset is unavailable, and how long can it sustain operations?",N,
S009,Critical Questions,3,1,What is the documented recovery time objective (RTO) for this asset?,N,
S009,Critical Questions,4,1,"Which upstream dependencies, if degraded, would prevent recovery of this asset?",N,
S009,Critical Questions,5,1,Which downstream dependencies should be notified first when this asset goes down?,N,
S009,Critical Questions,6,1,"What vendor or external party is required for restoration, and how are they reached?",N,
S009,Critical Questions,7,1,"What data, configuration, or state would be lost if this asset failed catastrophically?",N,
S009,Critical Questions,8,1,When was the recovery procedure for this asset last tested or exercised?,N,
S009,Short-Term Operations,1,1,First 30 minutes,Y,First 30 minutes
S009,Short-Term Operations,2,2,Open a P1 ticket and engage the Operations system owner.,N,First 30 minutes
S009,Short-Term Operations,3,2,"Confirm whether the issue is power, network, application, or data layer.",N,First 30 minutes
S009,Short-Term Operations,4,2,Identify any redundant or alternate path to the same function.,N,First 30 minutes
S009,Short-Term Operations,5,1,First 2 hours,Y,First 2 hours
S009,Short-Term Operations,6,2,Mobilize the technical team with appropriate vendor support.,N,First 2 hours
S009,Short-Term Operations,7,2,Activate the documented manual workaround for any time-critical use of the system.,N,First 2 hours
S009,Short-Term Operations,8,2,Communicate the outage to dependent system and process owners.,N,First 2 hours
S009,Short-Term Operations,9,1,First 24 hours,Y,First 24 hours
S009,Short-Term Operations,10,2,Execute the recovery procedure defined for this system.,N,First 24 hours
S009,Short-Term Operations,11,2,Validate data integrity and dependent integrations after restoration.,N,First 24 hours
S009,Short-Term Operations,12,2,Document root cause and any required configuration or process changes.,N,First 24 hours
S010,Process Name,1,0,Fire Alarm & Suppression Control,N,
S010,Department,2,0,Security,N,
S010,Program Office,3,0,Security / Facilities,N,
S010,Operational Category,4,0,1-Life Safety,N,
S010,Priority within Category,5,0,1,N,
S010,Restoration Score,6,0,92,N,
S010,Description,1,0,"Fire Alarm & Suppression Control is a system within Security's portfolio. It provides services that other processes and systems depend on, and its availability affects the cascade of downstream operations. During incidents, restoring this system removes blockers for the items listed in its downstream dependencies.",N,
S010,Impacts,1,0,"If unavailable, this asset has 2 direct downstream dependencies and 2 total cascading impacts (deduplicated). The cascade reaches a maximum depth of 1 hops in the dependency graph.",N,
S010,Critical Questions,1,1,Who owns this asset and who is the on-call backup outside business hours?,N,
S010,Critical Questions,2,1,"What manual workaround exists if this asset is unavailable, and how long can it sustain operations?",N,
S010,Critical Questions,3,1,What is the documented recovery time objective (RTO) for this asset?,N,
S010,Critical Questions,4,1,"Which upstream dependencies, if degraded, would prevent recovery of this asset?",N,
S010,Critical Questions,5,1,Which downstream dependencies should be notified first when this asset goes down?,N,
S010,Critical Questions,6,1,"What vendor or external party is required for restoration, and how are they reached?",N,
S010,Critical Questions,7,1,"What data, configuration, or state would be lost if this asset failed catastrophically?",N,
S010,Critical Questions,8,1,When was the recovery procedure for this asset last tested or exercised?,N,
S010,Short-Term Operations,1,1,First 30 minutes,Y,First 30 minutes
S010,Short-Term Operations,2,2,Open a P1 ticket and engage the Security system owner.,N,First 30 minutes
S010,Short-Term Operations,3,2,"Confirm whether the issue is power, network, application, or data layer.",N,First 30 minutes
S010,Short-Term Operations,4,2,Identify any redundant or alternate path to the same function.,N,First 30 minutes
S010,Short-Term Operations,5,1,First 2 hours,Y,First 2 hours
S010,Short-Term Operations,6,2,Mobilize the technical team with appropriate vendor support.,N,First 2 hours
S010,Short-Term Operations,7,2,Activate the documented manual workaround for any time-critical use of the system.,N,First 2 hours
S010,Short-Term Operations,8,2,Communicate the outage to dependent system and process owners.,N,First 2 hours
S010,Short-Term Operations,9,1,First 24 hours,Y,First 24 hours
S010,Short-Term Operations,10,2,Execute the recovery procedure defined for this system.,N,First 24 hours
S010,Short-Term Operations,11,2,Validate data integrity and dependent integrations after restoration.,N,First 24 hours
S010,Short-Term Operations,12,2,Document root cause and any required configuration or process changes.,N,First 24 hours
S011,Process Name,1,0,Email System (M365),N,
S011,Department,2,0,Information Technology,N,
S011,Program Office,3,0,IT Apps,N,
S011,Operational Category,4,0,3-Critical Admin,N,
S011,Priority within Category,5,0,1,N,
S011,Restoration Score,6,0,49,N,
S011,Description,1,0,"Email System (M365) is a system within Information Technology's portfolio. It provides services that other processes and systems depend on, and its availability affects the cascade of downstream operations. During incidents, restoring this system removes blockers for the items listed in its downstream dependencies.",N,
S011,Impacts,1,0,"If unavailable, this asset has 5 direct downstream dependencies and 5 total cascading impacts (deduplicated). The cascade reaches a maximum depth of 1 hops in the dependency graph.",N,
S011,Critical Questions,1,1,Who owns this asset and who is the on-call backup outside business hours?,N,
S011,Critical Questions,2,1,"What manual workaround exists if this asset is unavailable, and how long can it sustain operations?",N,
S011,Critical Questions,3,1,What is the documented recovery time objective (RTO) for this asset?,N,
S011,Critical Questions,4,1,"Which upstream dependencies, if degraded, would prevent recovery of this asset?",N,
S011,Critical Questions,5,1,Which downstream dependencies should be notified first when this asset goes down?,N,
S011,Critical Questions,6,1,"What vendor or external party is required for restoration, and how are they reached?",N,
S011,Critical Questions,7,1,"What data, configuration, or state would be lost if this asset failed catastrophically?",N,
S011,Critical Questions,8,1,When was the recovery procedure for this asset last tested or exercised?,N,
S011,Short-Term Operations,1,1,First 30 minutes,Y,First 30 minutes
S011,Short-Term Operations,2,2,Open a P1 ticket and engage the Information Technology system owner.,N,First 30 minutes
S011,Short-Term Operations,3,2,"Confirm whether the issue is power, network, application, or data layer.",N,First 30 minutes
S011,Short-Term Operations,4,2,Identify any redundant or alternate path to the same function.,N,First 30 minutes
S011,Short-Term Operations,5,1,First 2 hours,Y,First 2 hours
S011,Short-Term Operations,6,2,Mobilize the technical team with appropriate vendor support.,N,First 2 hours
S011,Short-Term Operations,7,2,Activate the documented manual workaround for any time-critical use of the system.,N,First 2 hours
S011,Short-Term Operations,8,2,Communicate the outage to dependent system and process owners.,N,First 2 hours
S011,Short-Term Operations,9,1,First 24 hours,Y,First 24 hours
S011,Short-Term Operations,10,2,Execute the recovery procedure defined for this system.,N,First 24 hours
S011,Short-Term Operations,11,2,Validate data integrity and dependent integrations after restoration.,N,First 24 hours
S011,Short-Term Operations,12,2,Document root cause and any required configuration or process changes.,N,First 24 hours
S012,Process Name,1,0,VPN,N,
S012,Department,2,0,Information Technology,N,
S012,Program Office,3,0,IT Infra,N,
S012,Operational Category,4,0,2-Critical Operations,N,
S012,Priority within Category,5,0,2,N,
S012,Restoration Score,6,0,68,N,
S012,Description,1,0,"VPN is a system within Information Technology's portfolio. It provides services that other processes and systems depend on, and its availability affects the cascade of downstream operations. During incidents, restoring this system removes blockers for the items listed in its downstream dependencies.",N,
S012,Impacts,1,0,No directly mapped downstream impacts in this dataset.,N,
S012,Critical Questions,1,1,Who owns this asset and who is the on-call backup outside business hours?,N,
S012,Critical Questions,2,1,"What manual workaround exists if this asset is unavailable, and how long can it sustain operations?",N,
S012,Critical Questions,3,1,What is the documented recovery time objective (RTO) for this asset?,N,
S012,Critical Questions,4,1,"Which upstream dependencies, if degraded, would prevent recovery of this asset?",N,
S012,Critical Questions,5,1,Which downstream dependencies should be notified first when this asset goes down?,N,
S012,Critical Questions,6,1,"What vendor or external party is required for restoration, and how are they reached?",N,
S012,Critical Questions,7,1,"What data, configuration, or state would be lost if this asset failed catastrophically?",N,
S012,Critical Questions,8,1,When was the recovery procedure for this asset last tested or exercised?,N,
S012,Short-Term Operations,1,1,First 30 minutes,Y,First 30 minutes
S012,Short-Term Operations,2,2,Open a P1 ticket and engage the Information Technology system owner.,N,First 30 minutes
S012,Short-Term Operations,3,2,"Confirm whether the issue is power, network, application, or data layer.",N,First 30 minutes
S012,Short-Term Operations,4,2,Identify any redundant or alternate path to the same function.,N,First 30 minutes
S012,Short-Term Operations,5,1,First 2 hours,Y,First 2 hours
S012,Short-Term Operations,6,2,Mobilize the technical team with appropriate vendor support.,N,First 2 hours
S012,Short-Term Operations,7,2,Activate the documented manual workaround for any time-critical use of the system.,N,First 2 hours
S012,Short-Term Operations,8,2,Communicate the outage to dependent system and process owners.,N,First 2 hours
S012,Short-Term Operations,9,1,First 24 hours,Y,First 24 hours
S012,Short-Term Operations,10,2,Execute the recovery procedure defined for this system.,N,First 24 hours
S012,Short-Term Operations,11,2,Validate data integrity and dependent integrations after restoration.,N,First 24 hours
S012,Short-Term Operations,12,2,Document root cause and any required configuration or process changes.,N,First 24 hours
S013,Process Name,1,0,VoIP Phone System,N,
S013,Department,2,0,Information Technology,N,
S013,Program Office,3,0,IT Infra,N,
S013,Operational Category,4,0,2-Critical Operations,N,
S013,Priority within Category,5,0,2,N,
S013,Restoration Score,6,0,72,N,
S013,Description,1,0,"VoIP Phone System is a system within Information Technology's portfolio. It provides services that other processes and systems depend on, and its availability affects the cascade of downstream operations. During incidents, restoring this system removes blockers for the items listed in its downstream dependencies.",N,
S013,Impacts,1,0,"If unavailable, this asset has 4 direct downstream dependencies and 4 total cascading impacts (deduplicated). The cascade reaches a maximum depth of 1 hops in the dependency graph.",N,
S013,Critical Questions,1,1,Who owns this asset and who is the on-call backup outside business hours?,N,
S013,Critical Questions,2,1,"What manual workaround exists if this asset is unavailable, and how long can it sustain operations?",N,
S013,Critical Questions,3,1,What is the documented recovery time objective (RTO) for this asset?,N,
S013,Critical Questions,4,1,"Which upstream dependencies, if degraded, would prevent recovery of this asset?",N,
S013,Critical Questions,5,1,Which downstream dependencies should be notified first when this asset goes down?,N,
S013,Critical Questions,6,1,"What vendor or external party is required for restoration, and how are they reached?",N,
S013,Critical Questions,7,1,"What data, configuration, or state would be lost if this asset failed catastrophically?",N,
S013,Critical Questions,8,1,When was the recovery procedure for this asset last tested or exercised?,N,
S013,Short-Term Operations,1,1,First 30 minutes,Y,First 30 minutes
S013,Short-Term Operations,2,2,Open a P1 ticket and engage the Information Technology system owner.,N,First 30 minutes
S013,Short-Term Operations,3,2,"Confirm whether the issue is power, network, application, or data layer.",N,First 30 minutes
S013,Short-Term Operations,4,2,Identify any redundant or alternate path to the same function.,N,First 30 minutes
S013,Short-Term Operations,5,1,First 2 hours,Y,First 2 hours
S013,Short-Term Operations,6,2,Mobilize the technical team with appropriate vendor support.,N,First 2 hours
S013,Short-Term Operations,7,2,Activate the documented manual workaround for any time-critical use of the system.,N,First 2 hours
S013,Short-Term Operations,8,2,Communicate the outage to dependent system and process owners.,N,First 2 hours
S013,Short-Term Operations,9,1,First 24 hours,Y,First 24 hours
S013,Short-Term Operations,10,2,Execute the recovery procedure defined for this system.,N,First 24 hours
S013,Short-Term Operations,11,2,Validate data integrity and dependent integrations after restoration.,N,First 24 hours
S013,Short-Term Operations,12,2,Document root cause and any required configuration or process changes.,N,First 24 hours
S014,Process Name,1,0,Mass Notification Platform,N,
S014,Department,2,0,Emergency Management,N,
S014,Program Office,3,0,Emergency Mgmt,N,
S014,Operational Category,4,0,1-Life Safety,N,
S014,Priority within Category,5,0,1,N,
S014,Restoration Score,6,0,93,N,
S014,Description,1,0,"Mass Notification Platform is a system within Emergency Management's portfolio. It provides services that other processes and systems depend on, and its availability affects the cascade of downstream operations. During incidents, restoring this system removes blockers for the items listed in its downstream dependencies.",N,
S014,Impacts,1,0,"If unavailable, this asset has 3 direct downstream dependencies and 3 total cascading impacts (deduplicated). The cascade reaches a maximum depth of 1 hops in the dependency graph.",N,
S014,Critical Questions,1,1,Who owns this asset and who is the on-call backup outside business hours?,N,
S014,Critical Questions,2,1,"What manual workaround exists if this asset is unavailable, and how long can it sustain operations?",N,
S014,Critical Questions,3,1,What is the documented recovery time objective (RTO) for this asset?,N,
S014,Critical Questions,4,1,"Which upstream dependencies, if degraded, would prevent recovery of this asset?",N,
S014,Critical Questions,5,1,Which downstream dependencies should be notified first when this asset goes down?,N,
S014,Critical Questions,6,1,"What vendor or external party is required for restoration, and how are they reached?",N,
S014,Critical Questions,7,1,"What data, configuration, or state would be lost if this asset failed catastrophically?",N,
S014,Critical Questions,8,1,When was the recovery procedure for this asset last tested or exercised?,N,
S014,Short-Term Operations,1,1,First 30 minutes,Y,First 30 minutes
S014,Short-Term Operations,2,2,Open a P1 ticket and engage the Emergency Management system owner.,N,First 30 minutes
S014,Short-Term Operations,3,2,"Confirm whether the issue is power, network, application, or data layer.",N,First 30 minutes
S014,Short-Term Operations,4,2,Identify any redundant or alternate path to the same function.,N,First 30 minutes
S014,Short-Term Operations,5,1,First 2 hours,Y,First 2 hours
S014,Short-Term Operations,6,2,Mobilize the technical team with appropriate vendor support.,N,First 2 hours
S014,Short-Term Operations,7,2,Activate the documented manual workaround for any time-critical use of the system.,N,First 2 hours
S014,Short-Term Operations,8,2,Communicate the outage to dependent system and process owners.,N,First 2 hours
S014,Short-Term Operations,9,1,First 24 hours,Y,First 24 hours
S014,Short-Term Operations,10,2,Execute the recovery procedure defined for this system.,N,First 24 hours
S014,Short-Term Operations,11,2,Validate data integrity and dependent integrations after restoration.,N,First 24 hours
S014,Short-Term Operations,12,2,Document root cause and any required configuration or process changes.,N,First 24 hours
S015,Process Name,1,0,Two-Way Radio Network,N,
S015,Department,2,0,Operations,N,
S015,Program Office,3,0,Operations,N,
S015,Operational Category,4,0,2-Critical Operations,N,
S015,Priority within Category,5,0,2,N,
S015,Restoration Score,6,0,72,N,
S015,Description,1,0,"Two-Way Radio Network is a system within Operations's portfolio. It provides services that other processes and systems depend on, and its availability affects the cascade of downstream operations. During incidents, restoring this system removes blockers for the items listed in its downstream dependencies.",N,
S015,Impacts,1,0,"If unavailable, this asset has 4 direct downstream dependencies and 4 total cascading impacts (deduplicated). The cascade reaches a maximum depth of 1 hops in the dependency graph.",N,
S015,Critical Questions,1,1,Who owns this asset and who is the on-call backup outside business hours?,N,
S015,Critical Questions,2,1,"What manual workaround exists if this asset is unavailable, and how long can it sustain operations?",N,
S015,Critical Questions,3,1,What is the documented recovery time objective (RTO) for this asset?,N,
S015,Critical Questions,4,1,"Which upstream dependencies, if degraded, would prevent recovery of this asset?",N,
S015,Critical Questions,5,1,Which downstream dependencies should be notified first when this asset goes down?,N,
S015,Critical Questions,6,1,"What vendor or external party is required for restoration, and how are they reached?",N,
S015,Critical Questions,7,1,"What data, configuration, or state would be lost if this asset failed catastrophically?",N,
S015,Critical Questions,8,1,When was the recovery procedure for this asset last tested or exercised?,N,
S015,Short-Term Operations,1,1,First 30 minutes,Y,First 30 minutes
S015,Short-Term Operations,2,2,Open a P1 ticket and engage the Operations system owner.,N,First 30 minutes
S015,Short-Term Operations,3,2,"Confirm whether the issue is power, network, application, or data layer.",N,First 30 minutes
S015,Short-Term Operations,4,2,Identify any redundant or alternate path to the same function.,N,First 30 minutes
S015,Short-Term Operations,5,1,First 2 hours,Y,First 2 hours
S015,Short-Term Operations,6,2,Mobilize the technical team with appropriate vendor support.,N,First 2 hours
S015,Short-Term Operations,7,2,Activate the documented manual workaround for any time-critical use of the system.,N,First 2 hours
S015,Short-Term Operations,8,2,Communicate the outage to dependent system and process owners.,N,First 2 hours
S015,Short-Term Operations,9,1,First 24 hours,Y,First 24 hours
S015,Short-Term Operations,10,2,Execute the recovery procedure defined for this system.,N,First 24 hours
S015,Short-Term Operations,11,2,Validate data integrity and dependent integrations after restoration.,N,First 24 hours
S015,Short-Term Operations,12,2,Document root cause and any required configuration or process changes.,N,First 24 hours
S016,Process Name,1,0,Cellular Service,N,
S016,Department,2,0,Information Technology,N,
S016,Program Office,3,0,IT Infra,N,
S016,Operational Category,4,0,2-Critical Operations,N,
S016,Priority within Category,5,0,3,N,
S016,Restoration Score,6,0,70,N,
S016,Description,1,0,"Cellular Service is a system within Information Technology's portfolio. It provides services that other processes and systems depend on, and its availability affects the cascade of downstream operations. During incidents, restoring this system removes blockers for the items listed in its downstream dependencies.",N,
S016,Impacts,1,0,"If unavailable, this asset has 3 direct downstream dependencies and 3 total cascading impacts (deduplicated). The cascade reaches a maximum depth of 1 hops in the dependency graph.",N,
S016,Critical Questions,1,1,Who owns this asset and who is the on-call backup outside business hours?,N,
S016,Critical Questions,2,1,"What manual workaround exists if this asset is unavailable, and how long can it sustain operations?",N,
S016,Critical Questions,3,1,What is the documented recovery time objective (RTO) for this asset?,N,
S016,Critical Questions,4,1,"Which upstream dependencies, if degraded, would prevent recovery of this asset?",N,
S016,Critical Questions,5,1,Which downstream dependencies should be notified first when this asset goes down?,N,
S016,Critical Questions,6,1,"What vendor or external party is required for restoration, and how are they reached?",N,
S016,Critical Questions,7,1,"What data, configuration, or state would be lost if this asset failed catastrophically?",N,
S016,Critical Questions,8,1,When was the recovery procedure for this asset last tested or exercised?,N,
S016,Short-Term Operations,1,1,First 30 minutes,Y,First 30 minutes
S016,Short-Term Operations,2,2,Open a P1 ticket and engage the Information Technology system owner.,N,First 30 minutes
S016,Short-Term Operations,3,2,"Confirm whether the issue is power, network, application, or data layer.",N,First 30 minutes
S016,Short-Term Operations,4,2,Identify any redundant or alternate path to the same function.,N,First 30 minutes
S016,Short-Term Operations,5,1,First 2 hours,Y,First 2 hours
S016,Short-Term Operations,6,2,Mobilize the technical team with appropriate vendor support.,N,First 2 hours
S016,Short-Term Operations,7,2,Activate the documented manual workaround for any time-critical use of the system.,N,First 2 hours
S016,Short-Term Operations,8,2,Communicate the outage to dependent system and process owners.,N,First 2 hours
S016,Short-Term Operations,9,1,First 24 hours,Y,First 24 hours
S016,Short-Term Operations,10,2,Execute the recovery procedure defined for this system.,N,First 24 hours
S016,Short-Term Operations,11,2,Validate data integrity and dependent integrations after restoration.,N,First 24 hours
S016,Short-Term Operations,12,2,Document root cause and any required configuration or process changes.,N,First 24 hours
S017,Process Name,1,0,ERP System,N,
S017,Department,2,0,Finance,N,
S017,Program Office,3,0,Finance / IT,N,
S017,Operational Category,4,0,2-Critical Operations,N,
S017,Priority within Category,5,0,2,N,
S017,Restoration Score,6,0,72,N,
S017,Description,1,0,"ERP System is a system within Finance's portfolio. It provides services that other processes and systems depend on, and its availability affects the cascade of downstream operations. During incidents, restoring this system removes blockers for the items listed in its downstream dependencies.",N,
S017,Impacts,1,0,"If unavailable, this asset has 5 direct downstream dependencies and 5 total cascading impacts (deduplicated). The cascade reaches a maximum depth of 1 hops in the dependency graph.",N,
S017,Critical Questions,1,1,Who owns this asset and who is the on-call backup outside business hours?,N,
S017,Critical Questions,2,1,"What manual workaround exists if this asset is unavailable, and how long can it sustain operations?",N,
S017,Critical Questions,3,1,What is the documented recovery time objective (RTO) for this asset?,N,
S017,Critical Questions,4,1,"Which upstream dependencies, if degraded, would prevent recovery of this asset?",N,
S017,Critical Questions,5,1,Which downstream dependencies should be notified first when this asset goes down?,N,
S017,Critical Questions,6,1,"What vendor or external party is required for restoration, and how are they reached?",N,
S017,Critical Questions,7,1,"What data, configuration, or state would be lost if this asset failed catastrophically?",N,
S017,Critical Questions,8,1,When was the recovery procedure for this asset last tested or exercised?,N,
S017,Short-Term Operations,1,1,First 30 minutes,Y,First 30 minutes
S017,Short-Term Operations,2,2,Open a P1 ticket and engage the Finance system owner.,N,First 30 minutes
S017,Short-Term Operations,3,2,"Confirm whether the issue is power, network, application, or data layer.",N,First 30 minutes
S017,Short-Term Operations,4,2,Identify any redundant or alternate path to the same function.,N,First 30 minutes
S017,Short-Term Operations,5,1,First 2 hours,Y,First 2 hours
S017,Short-Term Operations,6,2,Mobilize the technical team with appropriate vendor support.,N,First 2 hours
S017,Short-Term Operations,7,2,Activate the documented manual workaround for any time-critical use of the system.,N,First 2 hours
S017,Short-Term Operations,8,2,Communicate the outage to dependent system and process owners.,N,First 2 hours
S017,Short-Term Operations,9,1,First 24 hours,Y,First 24 hours
S017,Short-Term Operations,10,2,Execute the recovery procedure defined for this system.,N,First 24 hours
S017,Short-Term Operations,11,2,Validate data integrity and dependent integrations after restoration.,N,First 24 hours
S017,Short-Term Operations,12,2,Document root cause and any required configuration or process changes.,N,First 24 hours
S018,Process Name,1,0,Warehouse Management System (WMS),N,
S018,Department,2,0,Supply Chain,N,
S018,Program Office,3,0,Supply Chain / IT,N,
S018,Operational Category,4,0,2-Critical Operations,N,
S018,Priority within Category,5,0,2,N,
S018,Restoration Score,6,0,72,N,
S018,Description,1,0,"Warehouse Management System (WMS) is a system within Supply Chain's portfolio. It provides services that other processes and systems depend on, and its availability affects the cascade of downstream operations. During incidents, restoring this system removes blockers for the items listed in its downstream dependencies.",N,
S018,Impacts,1,0,"If unavailable, this asset has 3 direct downstream dependencies and 3 total cascading impacts (deduplicated). The cascade reaches a maximum depth of 1 hops in the dependency graph.",N,
S018,Critical Questions,1,1,Who owns this asset and who is the on-call backup outside business hours?,N,
S018,Critical Questions,2,1,"What manual workaround exists if this asset is unavailable, and how long can it sustain operations?",N,
S018,Critical Questions,3,1,What is the documented recovery time objective (RTO) for this asset?,N,
S018,Critical Questions,4,1,"Which upstream dependencies, if degraded, would prevent recovery of this asset?",N,
S018,Critical Questions,5,1,Which downstream dependencies should be notified first when this asset goes down?,N,
S018,Critical Questions,6,1,"What vendor or external party is required for restoration, and how are they reached?",N,
S018,Critical Questions,7,1,"What data, configuration, or state would be lost if this asset failed catastrophically?",N,
S018,Critical Questions,8,1,When was the recovery procedure for this asset last tested or exercised?,N,
S018,Short-Term Operations,1,1,First 30 minutes,Y,First 30 minutes
S018,Short-Term Operations,2,2,Open a P1 ticket and engage the Supply Chain system owner.,N,First 30 minutes
S018,Short-Term Operations,3,2,"Confirm whether the issue is power, network, application, or data layer.",N,First 30 minutes
S018,Short-Term Operations,4,2,Identify any redundant or alternate path to the same function.,N,First 30 minutes
S018,Short-Term Operations,5,1,First 2 hours,Y,First 2 hours
S018,Short-Term Operations,6,2,Mobilize the technical team with appropriate vendor support.,N,First 2 hours
S018,Short-Term Operations,7,2,Activate the documented manual workaround for any time-critical use of the system.,N,First 2 hours
S018,Short-Term Operations,8,2,Communicate the outage to dependent system and process owners.,N,First 2 hours
S018,Short-Term Operations,9,1,First 24 hours,Y,First 24 hours
S018,Short-Term Operations,10,2,Execute the recovery procedure defined for this system.,N,First 24 hours
S018,Short-Term Operations,11,2,Validate data integrity and dependent integrations after restoration.,N,First 24 hours
S018,Short-Term Operations,12,2,Document root cause and any required configuration or process changes.,N,First 24 hours
S019,Process Name,1,0,Transportation Management System (TMS),N,
S019,Department,2,0,Supply Chain,N,
S019,Program Office,3,0,Supply Chain / IT,N,
S019,Operational Category,4,0,2-Critical Operations,N,
S019,Priority within Category,5,0,3,N,
S019,Restoration Score,6,0,72,N,
S019,Description,1,0,"Transportation Management System (TMS) is a system within Supply Chain's portfolio. It provides services that other processes and systems depend on, and its availability affects the cascade of downstream operations. During incidents, restoring this system removes blockers for the items listed in its downstream dependencies.",N,
S019,Impacts,1,0,"If unavailable, this asset has 2 direct downstream dependencies and 4 total cascading impacts (deduplicated). The cascade reaches a maximum depth of 2 hops in the dependency graph.",N,
S019,Critical Questions,1,1,Who owns this asset and who is the on-call backup outside business hours?,N,
S019,Critical Questions,2,1,"What manual workaround exists if this asset is unavailable, and how long can it sustain operations?",N,
S019,Critical Questions,3,1,What is the documented recovery time objective (RTO) for this asset?,N,
S019,Critical Questions,4,1,"Which upstream dependencies, if degraded, would prevent recovery of this asset?",N,
S019,Critical Questions,5,1,Which downstream dependencies should be notified first when this asset goes down?,N,
S019,Critical Questions,6,1,"What vendor or external party is required for restoration, and how are they reached?",N,
S019,Critical Questions,7,1,"What data, configuration, or state would be lost if this asset failed catastrophically?",N,
S019,Critical Questions,8,1,When was the recovery procedure for this asset last tested or exercised?,N,
S019,Short-Term Operations,1,1,First 30 minutes,Y,First 30 minutes
S019,Short-Term Operations,2,2,Open a P1 ticket and engage the Supply Chain system owner.,N,First 30 minutes
S019,Short-Term Operations,3,2,"Confirm whether the issue is power, network, application, or data layer.",N,First 30 minutes
S019,Short-Term Operations,4,2,Identify any redundant or alternate path to the same function.,N,First 30 minutes
S019,Short-Term Operations,5,1,First 2 hours,Y,First 2 hours
S019,Short-Term Operations,6,2,Mobilize the technical team with appropriate vendor support.,N,First 2 hours
S019,Short-Term Operations,7,2,Activate the documented manual workaround for any time-critical use of the system.,N,First 2 hours
S019,Short-Term Operations,8,2,Communicate the outage to dependent system and process owners.,N,First 2 hours
S019,Short-Term Operations,9,1,First 24 hours,Y,First 24 hours
S019,Short-Term Operations,10,2,Execute the recovery procedure defined for this system.,N,First 24 hours
S019,Short-Term Operations,11,2,Validate data integrity and dependent integrations after restoration.,N,First 24 hours
S019,Short-Term Operations,12,2,Document root cause and any required configuration or process changes.,N,First 24 hours
S020,Process Name,1,0,HVAC Control System,N,
S020,Department,2,0,Facilities Management,N,
S020,Program Office,3,0,Facilities,N,
S020,Operational Category,4,0,2-Critical Operations,N,
S020,Priority within Category,5,0,3,N,
S020,Restoration Score,6,0,87,N,
S020,Description,1,0,"HVAC Control System is a system within Facilities Management's portfolio. It provides services that other processes and systems depend on, and its availability affects the cascade of downstream operations. During incidents, restoring this system removes blockers for the items listed in its downstream dependencies.",N,
S020,Impacts,1,0,"If unavailable, this asset has 3 direct downstream dependencies and 46 total cascading impacts (deduplicated). The cascade reaches a maximum depth of 4 hops in the dependency graph.",N,
S020,Critical Questions,1,1,Who owns this asset and who is the on-call backup outside business hours?,N,
S020,Critical Questions,2,1,"What manual workaround exists if this asset is unavailable, and how long can it sustain operations?",N,
S020,Critical Questions,3,1,What is the documented recovery time objective (RTO) for this asset?,N,
S020,Critical Questions,4,1,"Which upstream dependencies, if degraded, would prevent recovery of this asset?",N,
S020,Critical Questions,5,1,Which downstream dependencies should be notified first when this asset goes down?,N,
S020,Critical Questions,6,1,"What vendor or external party is required for restoration, and how are they reached?",N,
S020,Critical Questions,7,1,"What data, configuration, or state would be lost if this asset failed catastrophically?",N,
S020,Critical Questions,8,1,When was the recovery procedure for this asset last tested or exercised?,N,
S020,Short-Term Operations,1,1,First 30 minutes,Y,First 30 minutes
S020,Short-Term Operations,2,2,Open a P1 ticket and engage the Facilities Management system owner.,N,First 30 minutes
S020,Short-Term Operations,3,2,"Confirm whether the issue is power, network, application, or data layer.",N,First 30 minutes
S020,Short-Term Operations,4,2,Identify any redundant or alternate path to the same function.,N,First 30 minutes
S020,Short-Term Operations,5,1,First 2 hours,Y,First 2 hours
S020,Short-Term Operations,6,2,Mobilize the technical team with appropriate vendor support.,N,First 2 hours
S020,Short-Term Operations,7,2,Activate the documented manual workaround for any time-critical use of the system.,N,First 2 hours
S020,Short-Term Operations,8,2,Communicate the outage to dependent system and process owners.,N,First 2 hours
S020,Short-Term Operations,9,1,First 24 hours,Y,First 24 hours
S020,Short-Term Operations,10,2,Execute the recovery procedure defined for this system.,N,First 24 hours
S020,Short-Term Operations,11,2,Validate data integrity and dependent integrations after restoration.,N,First 24 hours
S020,Short-Term Operations,12,2,Document root cause and any required configuration or process changes.,N,First 24 hours
S021,Process Name,1,0,Access Control / Badge System,N,
S021,Department,2,0,Security,N,
S021,Program Office,3,0,Security,N,
S021,Operational Category,4,0,2-Critical Operations,N,
S021,Priority within Category,5,0,2,N,
S021,Restoration Score,6,0,71,N,
S021,Description,1,0,"Access Control / Badge System is a system within Security's portfolio. It provides services that other processes and systems depend on, and its availability affects the cascade of downstream operations. During incidents, restoring this system removes blockers for the items listed in its downstream dependencies.",N,
S021,Impacts,1,0,"If unavailable, this asset has 2 direct downstream dependencies and 2 total cascading impacts (deduplicated). The cascade reaches a maximum depth of 1 hops in the dependency graph.",N,
S021,Critical Questions,1,1,Who owns this asset and who is the on-call backup outside business hours?,N,
S021,Critical Questions,2,1,"What manual workaround exists if this asset is unavailable, and how long can it sustain operations?",N,
S021,Critical Questions,3,1,What is the documented recovery time objective (RTO) for this asset?,N,
S021,Critical Questions,4,1,"Which upstream dependencies, if degraded, would prevent recovery of this asset?",N,
S021,Critical Questions,5,1,Which downstream dependencies should be notified first when this asset goes down?,N,
S021,Critical Questions,6,1,"What vendor or external party is required for restoration, and how are they reached?",N,
S021,Critical Questions,7,1,"What data, configuration, or state would be lost if this asset failed catastrophically?",N,
S021,Critical Questions,8,1,When was the recovery procedure for this asset last tested or exercised?,N,
S021,Short-Term Operations,1,1,First 30 minutes,Y,First 30 minutes
S021,Short-Term Operations,2,2,Open a P1 ticket and engage the Security system owner.,N,First 30 minutes
S021,Short-Term Operations,3,2,"Confirm whether the issue is power, network, application, or data layer.",N,First 30 minutes
S021,Short-Term Operations,4,2,Identify any redundant or alternate path to the same function.,N,First 30 minutes
S021,Short-Term Operations,5,1,First 2 hours,Y,First 2 hours
S021,Short-Term Operations,6,2,Mobilize the technical team with appropriate vendor support.,N,First 2 hours
S021,Short-Term Operations,7,2,Activate the documented manual workaround for any time-critical use of the system.,N,First 2 hours
S021,Short-Term Operations,8,2,Communicate the outage to dependent system and process owners.,N,First 2 hours
S021,Short-Term Operations,9,1,First 24 hours,Y,First 24 hours
S021,Short-Term Operations,10,2,Execute the recovery procedure defined for this system.,N,First 24 hours
S021,Short-Term Operations,11,2,Validate data integrity and dependent integrations after restoration.,N,First 24 hours
S021,Short-Term Operations,12,2,Document root cause and any required configuration or process changes.,N,First 24 hours
S022,Process Name,1,0,Video Surveillance (CCTV),N,
S022,Department,2,0,Security,N,
S022,Program Office,3,0,Security,N,
S022,Operational Category,4,0,2-Critical Operations,N,
S022,Priority within Category,5,0,3,N,
S022,Restoration Score,6,0,69,N,
S022,Description,1,0,"Video Surveillance (CCTV) is a system within Security's portfolio. It provides services that other processes and systems depend on, and its availability affects the cascade of downstream operations. During incidents, restoring this system removes blockers for the items listed in its downstream dependencies.",N,
S022,Impacts,1,0,"If unavailable, this asset has 1 direct downstream dependencies and 1 total cascading impacts (deduplicated). The cascade reaches a maximum depth of 1 hops in the dependency graph.",N,
S022,Critical Questions,1,1,Who owns this asset and who is the on-call backup outside business hours?,N,
S022,Critical Questions,2,1,"What manual workaround exists if this asset is unavailable, and how long can it sustain operations?",N,
S022,Critical Questions,3,1,What is the documented recovery time objective (RTO) for this asset?,N,
S022,Critical Questions,4,1,"Which upstream dependencies, if degraded, would prevent recovery of this asset?",N,
S022,Critical Questions,5,1,Which downstream dependencies should be notified first when this asset goes down?,N,
S022,Critical Questions,6,1,"What vendor or external party is required for restoration, and how are they reached?",N,
S022,Critical Questions,7,1,"What data, configuration, or state would be lost if this asset failed catastrophically?",N,
S022,Critical Questions,8,1,When was the recovery procedure for this asset last tested or exercised?,N,
S022,Short-Term Operations,1,1,First 30 minutes,Y,First 30 minutes
S022,Short-Term Operations,2,2,Open a P1 ticket and engage the Security system owner.,N,First 30 minutes
S022,Short-Term Operations,3,2,"Confirm whether the issue is power, network, application, or data layer.",N,First 30 minutes
S022,Short-Term Operations,4,2,Identify any redundant or alternate path to the same function.,N,First 30 minutes
S022,Short-Term Operations,5,1,First 2 hours,Y,First 2 hours
S022,Short-Term Operations,6,2,Mobilize the technical team with appropriate vendor support.,N,First 2 hours
S022,Short-Term Operations,7,2,Activate the documented manual workaround for any time-critical use of the system.,N,First 2 hours
S022,Short-Term Operations,8,2,Communicate the outage to dependent system and process owners.,N,First 2 hours
S022,Short-Term Operations,9,1,First 24 hours,Y,First 24 hours
S022,Short-Term Operations,10,2,Execute the recovery procedure defined for this system.,N,First 24 hours
S022,Short-Term Operations,11,2,Validate data integrity and dependent integrations after restoration.,N,First 24 hours
S022,Short-Term Operations,12,2,Document root cause and any required configuration or process changes.,N,First 24 hours
S023,Process Name,1,0,Public Address System,N,
S023,Department,2,0,Facilities Management,N,
S023,Program Office,3,0,Facilities / EM,N,
S023,Operational Category,4,0,1-Life Safety,N,
S023,Priority within Category,5,0,2,N,
S023,Restoration Score,6,0,91,N,
S023,Description,1,0,"Public Address System is a system within Facilities Management's portfolio. It provides services that other processes and systems depend on, and its availability affects the cascade of downstream operations. During incidents, restoring this system removes blockers for the items listed in its downstream dependencies.",N,
S023,Impacts,1,0,"If unavailable, this asset has 2 direct downstream dependencies and 2 total cascading impacts (deduplicated). The cascade reaches a maximum depth of 1 hops in the dependency graph.",N,
S023,Critical Questions,1,1,Who owns this asset and who is the on-call backup outside business hours?,N,
S023,Critical Questions,2,1,"What manual workaround exists if this asset is unavailable, and how long can it sustain operations?",N,
S023,Critical Questions,3,1,What is the documented recovery time objective (RTO) for this asset?,N,
S023,Critical Questions,4,1,"Which upstream dependencies, if degraded, would prevent recovery of this asset?",N,
S023,Critical Questions,5,1,Which downstream dependencies should be notified first when this asset goes down?,N,
S023,Critical Questions,6,1,"What vendor or external party is required for restoration, and how are they reached?",N,
S023,Critical Questions,7,1,"What data, configuration, or state would be lost if this asset failed catastrophically?",N,
S023,Critical Questions,8,1,When was the recovery procedure for this asset last tested or exercised?,N,
S023,Short-Term Operations,1,1,First 30 minutes,Y,First 30 minutes
S023,Short-Term Operations,2,2,Open a P1 ticket and engage the Facilities Management system owner.,N,First 30 minutes
S023,Short-Term Operations,3,2,"Confirm whether the issue is power, network, application, or data layer.",N,First 30 minutes
S023,Short-Term Operations,4,2,Identify any redundant or alternate path to the same function.,N,First 30 minutes
S023,Short-Term Operations,5,1,First 2 hours,Y,First 2 hours
S023,Short-Term Operations,6,2,Mobilize the technical team with appropriate vendor support.,N,First 2 hours
S023,Short-Term Operations,7,2,Activate the documented manual workaround for any time-critical use of the system.,N,First 2 hours
S023,Short-Term Operations,8,2,Communicate the outage to dependent system and process owners.,N,First 2 hours
S023,Short-Term Operations,9,1,First 24 hours,Y,First 24 hours
S023,Short-Term Operations,10,2,Execute the recovery procedure defined for this system.,N,First 24 hours
S023,Short-Term Operations,11,2,Validate data integrity and dependent integrations after restoration.,N,First 24 hours
S023,Short-Term Operations,12,2,Document root cause and any required configuration or process changes.,N,First 24 hours
S024,Process Name,1,0,Time Clock System,N,
S024,Department,2,0,Human Resources,N,
S024,Program Office,3,0,HR / IT,N,
S024,Operational Category,4,0,3-Critical Admin,N,
S024,Priority within Category,5,0,2,N,
S024,Restoration Score,6,0,46,N,
S024,Description,1,0,"Time Clock System is a system within Human Resources's portfolio. It provides services that other processes and systems depend on, and its availability affects the cascade of downstream operations. During incidents, restoring this system removes blockers for the items listed in its downstream dependencies.",N,
S024,Impacts,1,0,"If unavailable, this asset has 1 direct downstream dependencies and 1 total cascading impacts (deduplicated). The cascade reaches a maximum depth of 1 hops in the dependency graph.",N,
S024,Critical Questions,1,1,Who owns this asset and who is the on-call backup outside business hours?,N,
S024,Critical Questions,2,1,"What manual workaround exists if this asset is unavailable, and how long can it sustain operations?",N,
S024,Critical Questions,3,1,What is the documented recovery time objective (RTO) for this asset?,N,
S024,Critical Questions,4,1,"Which upstream dependencies, if degraded, would prevent recovery of this asset?",N,
S024,Critical Questions,5,1,Which downstream dependencies should be notified first when this asset goes down?,N,
S024,Critical Questions,6,1,"What vendor or external party is required for restoration, and how are they reached?",N,
S024,Critical Questions,7,1,"What data, configuration, or state would be lost if this asset failed catastrophically?",N,
S024,Critical Questions,8,1,When was the recovery procedure for this asset last tested or exercised?,N,
S024,Short-Term Operations,1,1,First 30 minutes,Y,First 30 minutes
S024,Short-Term Operations,2,2,Open a P1 ticket and engage the Human Resources system owner.,N,First 30 minutes
S024,Short-Term Operations,3,2,"Confirm whether the issue is power, network, application, or data layer.",N,First 30 minutes
S024,Short-Term Operations,4,2,Identify any redundant or alternate path to the same function.,N,First 30 minutes
S024,Short-Term Operations,5,1,First 2 hours,Y,First 2 hours
S024,Short-Term Operations,6,2,Mobilize the technical team with appropriate vendor support.,N,First 2 hours
S024,Short-Term Operations,7,2,Activate the documented manual workaround for any time-critical use of the system.,N,First 2 hours
S024,Short-Term Operations,8,2,Communicate the outage to dependent system and process owners.,N,First 2 hours
S024,Short-Term Operations,9,1,First 24 hours,Y,First 24 hours
S024,Short-Term Operations,10,2,Execute the recovery procedure defined for this system.,N,First 24 hours
S024,Short-Term Operations,11,2,Validate data integrity and dependent integrations after restoration.,N,First 24 hours
S024,Short-Term Operations,12,2,Document root cause and any required configuration or process changes.,N,First 24 hours
S025,Process Name,1,0,HRIS,N,
S025,Department,2,0,Human Resources,N,
S025,Program Office,3,0,HR / IT,N,
S025,Operational Category,4,0,3-Critical Admin,N,
S025,Priority within Category,5,0,3,N,
S025,Restoration Score,6,0,44,N,
S025,Description,1,0,"HRIS is a system within Human Resources's portfolio. It provides services that other processes and systems depend on, and its availability affects the cascade of downstream operations. During incidents, restoring this system removes blockers for the items listed in its downstream dependencies.",N,
S025,Impacts,1,0,"If unavailable, this asset has 2 direct downstream dependencies and 2 total cascading impacts (deduplicated). The cascade reaches a maximum depth of 1 hops in the dependency graph.",N,
S025,Critical Questions,1,1,Who owns this asset and who is the on-call backup outside business hours?,N,
S025,Critical Questions,2,1,"What manual workaround exists if this asset is unavailable, and how long can it sustain operations?",N,
S025,Critical Questions,3,1,What is the documented recovery time objective (RTO) for this asset?,N,
S025,Critical Questions,4,1,"Which upstream dependencies, if degraded, would prevent recovery of this asset?",N,
S025,Critical Questions,5,1,Which downstream dependencies should be notified first when this asset goes down?,N,
S025,Critical Questions,6,1,"What vendor or external party is required for restoration, and how are they reached?",N,
S025,Critical Questions,7,1,"What data, configuration, or state would be lost if this asset failed catastrophically?",N,
S025,Critical Questions,8,1,When was the recovery procedure for this asset last tested or exercised?,N,
S025,Short-Term Operations,1,1,First 30 minutes,Y,First 30 minutes
S025,Short-Term Operations,2,2,Open a P1 ticket and engage the Human Resources system owner.,N,First 30 minutes
S025,Short-Term Operations,3,2,"Confirm whether the issue is power, network, application, or data layer.",N,First 30 minutes
S025,Short-Term Operations,4,2,Identify any redundant or alternate path to the same function.,N,First 30 minutes
S025,Short-Term Operations,5,1,First 2 hours,Y,First 2 hours
S025,Short-Term Operations,6,2,Mobilize the technical team with appropriate vendor support.,N,First 2 hours
S025,Short-Term Operations,7,2,Activate the documented manual workaround for any time-critical use of the system.,N,First 2 hours
S025,Short-Term Operations,8,2,Communicate the outage to dependent system and process owners.,N,First 2 hours
S025,Short-Term Operations,9,1,First 24 hours,Y,First 24 hours
S025,Short-Term Operations,10,2,Execute the recovery procedure defined for this system.,N,First 24 hours
S025,Short-Term Operations,11,2,Validate data integrity and dependent integrations after restoration.,N,First 24 hours
S025,Short-Term Operations,12,2,Document root cause and any required configuration or process changes.,N,First 24 hours
S026,Process Name,1,0,Document Management System,N,
S026,Department,2,0,Information Technology,N,
S026,Program Office,3,0,IT Apps,N,
S026,Operational Category,4,0,3-Critical Admin,N,
S026,Priority within Category,5,0,3,N,
S026,Restoration Score,6,0,45,N,
S026,Description,1,0,"Document Management System is a system within Information Technology's portfolio. It provides services that other processes and systems depend on, and its availability affects the cascade of downstream operations. During incidents, restoring this system removes blockers for the items listed in its downstream dependencies.",N,
S026,Impacts,1,0,"If unavailable, this asset has 3 direct downstream dependencies and 3 total cascading impacts (deduplicated). The cascade reaches a maximum depth of 1 hops in the dependency graph.",N,
S026,Critical Questions,1,1,Who owns this asset and who is the on-call backup outside business hours?,N,
S026,Critical Questions,2,1,"What manual workaround exists if this asset is unavailable, and how long can it sustain operations?",N,
S026,Critical Questions,3,1,What is the documented recovery time objective (RTO) for this asset?,N,
S026,Critical Questions,4,1,"Which upstream dependencies, if degraded, would prevent recovery of this asset?",N,
S026,Critical Questions,5,1,Which downstream dependencies should be notified first when this asset goes down?,N,
S026,Critical Questions,6,1,"What vendor or external party is required for restoration, and how are they reached?",N,
S026,Critical Questions,7,1,"What data, configuration, or state would be lost if this asset failed catastrophically?",N,
S026,Critical Questions,8,1,When was the recovery procedure for this asset last tested or exercised?,N,
S026,Short-Term Operations,1,1,First 30 minutes,Y,First 30 minutes
S026,Short-Term Operations,2,2,Open a P1 ticket and engage the Information Technology system owner.,N,First 30 minutes
S026,Short-Term Operations,3,2,"Confirm whether the issue is power, network, application, or data layer.",N,First 30 minutes
S026,Short-Term Operations,4,2,Identify any redundant or alternate path to the same function.,N,First 30 minutes
S026,Short-Term Operations,5,1,First 2 hours,Y,First 2 hours
S026,Short-Term Operations,6,2,Mobilize the technical team with appropriate vendor support.,N,First 2 hours
S026,Short-Term Operations,7,2,Activate the documented manual workaround for any time-critical use of the system.,N,First 2 hours
S026,Short-Term Operations,8,2,Communicate the outage to dependent system and process owners.,N,First 2 hours
S026,Short-Term Operations,9,1,First 24 hours,Y,First 24 hours
S026,Short-Term Operations,10,2,Execute the recovery procedure defined for this system.,N,First 24 hours
S026,Short-Term Operations,11,2,Validate data integrity and dependent integrations after restoration.,N,First 24 hours
S026,Short-Term Operations,12,2,Document root cause and any required configuration or process changes.,N,First 24 hours
S027,Process Name,1,0,Network File Storage,N,
S027,Department,2,0,Information Technology,N,
S027,Program Office,3,0,IT Infra,N,
S027,Operational Category,4,0,3-Critical Admin,N,
S027,Priority within Category,5,0,2,N,
S027,Restoration Score,6,0,44,N,
S027,Description,1,0,"Network File Storage is a system within Information Technology's portfolio. It provides services that other processes and systems depend on, and its availability affects the cascade of downstream operations. During incidents, restoring this system removes blockers for the items listed in its downstream dependencies.",N,
S027,Impacts,1,0,No directly mapped downstream impacts in this dataset.,N,
S027,Critical Questions,1,1,Who owns this asset and who is the on-call backup outside business hours?,N,
S027,Critical Questions,2,1,"What manual workaround exists if this asset is unavailable, and how long can it sustain operations?",N,
S027,Critical Questions,3,1,What is the documented recovery time objective (RTO) for this asset?,N,
S027,Critical Questions,4,1,"Which upstream dependencies, if degraded, would prevent recovery of this asset?",N,
S027,Critical Questions,5,1,Which downstream dependencies should be notified first when this asset goes down?,N,
S027,Critical Questions,6,1,"What vendor or external party is required for restoration, and how are they reached?",N,
S027,Critical Questions,7,1,"What data, configuration, or state would be lost if this asset failed catastrophically?",N,
S027,Critical Questions,8,1,When was the recovery procedure for this asset last tested or exercised?,N,
S027,Short-Term Operations,1,1,First 30 minutes,Y,First 30 minutes
S027,Short-Term Operations,2,2,Open a P1 ticket and engage the Information Technology system owner.,N,First 30 minutes
S027,Short-Term Operations,3,2,"Confirm whether the issue is power, network, application, or data layer.",N,First 30 minutes
S027,Short-Term Operations,4,2,Identify any redundant or alternate path to the same function.,N,First 30 minutes
S027,Short-Term Operations,5,1,First 2 hours,Y,First 2 hours
S027,Short-Term Operations,6,2,Mobilize the technical team with appropriate vendor support.,N,First 2 hours
S027,Short-Term Operations,7,2,Activate the documented manual workaround for any time-critical use of the system.,N,First 2 hours
S027,Short-Term Operations,8,2,Communicate the outage to dependent system and process owners.,N,First 2 hours
S027,Short-Term Operations,9,1,First 24 hours,Y,First 24 hours
S027,Short-Term Operations,10,2,Execute the recovery procedure defined for this system.,N,First 24 hours
S027,Short-Term Operations,11,2,Validate data integrity and dependent integrations after restoration.,N,First 24 hours
S027,Short-Term Operations,12,2,Document root cause and any required configuration or process changes.,N,First 24 hours
S028,Process Name,1,0,Backup & Recovery System,N,
S028,Department,2,0,Information Technology,N,
S028,Program Office,3,0,IT Infra,N,
S028,Operational Category,4,0,3-Critical Admin,N,
S028,Priority within Category,5,0,3,N,
S028,Restoration Score,6,0,42,N,
S028,Description,1,0,"Backup & Recovery System is a system within Information Technology's portfolio. It provides services that other processes and systems depend on, and its availability affects the cascade of downstream operations. During incidents, restoring this system removes blockers for the items listed in its downstream dependencies.",N,
S028,Impacts,1,0,No directly mapped downstream impacts in this dataset.,N,
S028,Critical Questions,1,1,Who owns this asset and who is the on-call backup outside business hours?,N,
S028,Critical Questions,2,1,"What manual workaround exists if this asset is unavailable, and how long can it sustain operations?",N,
S028,Critical Questions,3,1,What is the documented recovery time objective (RTO) for this asset?,N,
S028,Critical Questions,4,1,"Which upstream dependencies, if degraded, would prevent recovery of this asset?",N,
S028,Critical Questions,5,1,Which downstream dependencies should be notified first when this asset goes down?,N,
S028,Critical Questions,6,1,"What vendor or external party is required for restoration, and how are they reached?",N,
S028,Critical Questions,7,1,"What data, configuration, or state would be lost if this asset failed catastrophically?",N,
S028,Critical Questions,8,1,When was the recovery procedure for this asset last tested or exercised?,N,
S028,Short-Term Operations,1,1,First 30 minutes,Y,First 30 minutes
S028,Short-Term Operations,2,2,Open a P1 ticket and engage the Information Technology system owner.,N,First 30 minutes
S028,Short-Term Operations,3,2,"Confirm whether the issue is power, network, application, or data layer.",N,First 30 minutes
S028,Short-Term Operations,4,2,Identify any redundant or alternate path to the same function.,N,First 30 minutes
S028,Short-Term Operations,5,1,First 2 hours,Y,First 2 hours
S028,Short-Term Operations,6,2,Mobilize the technical team with appropriate vendor support.,N,First 2 hours
S028,Short-Term Operations,7,2,Activate the documented manual workaround for any time-critical use of the system.,N,First 2 hours
S028,Short-Term Operations,8,2,Communicate the outage to dependent system and process owners.,N,First 2 hours
S028,Short-Term Operations,9,1,First 24 hours,Y,First 24 hours
S028,Short-Term Operations,10,2,Execute the recovery procedure defined for this system.,N,First 24 hours
S028,Short-Term Operations,11,2,Validate data integrity and dependent integrations after restoration.,N,First 24 hours
S028,Short-Term Operations,12,2,Document root cause and any required configuration or process changes.,N,First 24 hours
S029,Process Name,1,0,Video Conferencing Platform,N,
S029,Department,2,0,Information Technology,N,
S029,Program Office,3,0,IT Apps,N,
S029,Operational Category,4,0,4-Other,N,
S029,Priority within Category,5,0,2,N,
S029,Restoration Score,6,0,24,N,
S029,Description,1,0,"Video Conferencing Platform is a system within Information Technology's portfolio. It provides services that other processes and systems depend on, and its availability affects the cascade of downstream operations. During incidents, restoring this system removes blockers for the items listed in its downstream dependencies.",N,
S029,Impacts,1,0,No directly mapped downstream impacts in this dataset.,N,
S029,Critical Questions,1,1,Who owns this asset and who is the on-call backup outside business hours?,N,
S029,Critical Questions,2,1,"What manual workaround exists if this asset is unavailable, and how long can it sustain operations?",N,
S029,Critical Questions,3,1,What is the documented recovery time objective (RTO) for this asset?,N,
S029,Critical Questions,4,1,"Which upstream dependencies, if degraded, would prevent recovery of this asset?",N,
S029,Critical Questions,5,1,Which downstream dependencies should be notified first when this asset goes down?,N,
S029,Critical Questions,6,1,"What vendor or external party is required for restoration, and how are they reached?",N,
S029,Critical Questions,7,1,"What data, configuration, or state would be lost if this asset failed catastrophically?",N,
S029,Critical Questions,8,1,When was the recovery procedure for this asset last tested or exercised?,N,
S029,Short-Term Operations,1,1,First 30 minutes,Y,First 30 minutes
S029,Short-Term Operations,2,2,Open a P1 ticket and engage the Information Technology system owner.,N,First 30 minutes
S029,Short-Term Operations,3,2,"Confirm whether the issue is power, network, application, or data layer.",N,First 30 minutes
S029,Short-Term Operations,4,2,Identify any redundant or alternate path to the same function.,N,First 30 minutes
S029,Short-Term Operations,5,1,First 2 hours,Y,First 2 hours
S029,Short-Term Operations,6,2,Mobilize the technical team with appropriate vendor support.,N,First 2 hours
S029,Short-Term Operations,7,2,Activate the documented manual workaround for any time-critical use of the system.,N,First 2 hours
S029,Short-Term Operations,8,2,Communicate the outage to dependent system and process owners.,N,First 2 hours
S029,Short-Term Operations,9,1,First 24 hours,Y,First 24 hours
S029,Short-Term Operations,10,2,Execute the recovery procedure defined for this system.,N,First 24 hours
S029,Short-Term Operations,11,2,Validate data integrity and dependent integrations after restoration.,N,First 24 hours
S029,Short-Term Operations,12,2,Document root cause and any required configuration or process changes.,N,First 24 hours
S030,Process Name,1,0,Help Desk / Ticketing System,N,
S030,Department,2,0,Information Technology,N,
S030,Program Office,3,0,IT Apps,N,
S030,Operational Category,4,0,4-Other,N,
S030,Priority within Category,5,0,3,N,
S030,Restoration Score,6,0,22,N,
S030,Description,1,0,"Help Desk / Ticketing System is a system within Information Technology's portfolio. It provides services that other processes and systems depend on, and its availability affects the cascade of downstream operations. During incidents, restoring this system removes blockers for the items listed in its downstream dependencies.",N,
S030,Impacts,1,0,No directly mapped downstream impacts in this dataset.,N,
S030,Critical Questions,1,1,Who owns this asset and who is the on-call backup outside business hours?,N,
S030,Critical Questions,2,1,"What manual workaround exists if this asset is unavailable, and how long can it sustain operations?",N,
S030,Critical Questions,3,1,What is the documented recovery time objective (RTO) for this asset?,N,
S030,Critical Questions,4,1,"Which upstream dependencies, if degraded, would prevent recovery of this asset?",N,
S030,Critical Questions,5,1,Which downstream dependencies should be notified first when this asset goes down?,N,
S030,Critical Questions,6,1,"What vendor or external party is required for restoration, and how are they reached?",N,
S030,Critical Questions,7,1,"What data, configuration, or state would be lost if this asset failed catastrophically?",N,
S030,Critical Questions,8,1,When was the recovery procedure for this asset last tested or exercised?,N,
S030,Short-Term Operations,1,1,First 30 minutes,Y,First 30 minutes
S030,Short-Term Operations,2,2,Open a P1 ticket and engage the Information Technology system owner.,N,First 30 minutes
S030,Short-Term Operations,3,2,"Confirm whether the issue is power, network, application, or data layer.",N,First 30 minutes
S030,Short-Term Operations,4,2,Identify any redundant or alternate path to the same function.,N,First 30 minutes
S030,Short-Term Operations,5,1,First 2 hours,Y,First 2 hours
S030,Short-Term Operations,6,2,Mobilize the technical team with appropriate vendor support.,N,First 2 hours
S030,Short-Term Operations,7,2,Activate the documented manual workaround for any time-critical use of the system.,N,First 2 hours
S030,Short-Term Operations,8,2,Communicate the outage to dependent system and process owners.,N,First 2 hours
S030,Short-Term Operations,9,1,First 24 hours,Y,First 24 hours
S030,Short-Term Operations,10,2,Execute the recovery procedure defined for this system.,N,First 24 hours
S030,Short-Term Operations,11,2,Validate data integrity and dependent integrations after restoration.,N,First 24 hours
S030,Short-Term Operations,12,2,Document root cause and any required configuration or process changes.,N,First 24 hours
S031,Process Name,1,0,Customer Portal,N,
S031,Department,2,0,Operations,N,
S031,Program Office,3,0,Operations / IT,N,
S031,Operational Category,4,0,3-Critical Admin,N,
S031,Priority within Category,5,0,4,N,
S031,Restoration Score,6,0,40,N,
S031,Description,1,0,"Customer Portal is a system within Operations's portfolio. It provides services that other processes and systems depend on, and its availability affects the cascade of downstream operations. During incidents, restoring this system removes blockers for the items listed in its downstream dependencies.",N,
S031,Impacts,1,0,No directly mapped downstream impacts in this dataset.,N,
S031,Critical Questions,1,1,Who owns this asset and who is the on-call backup outside business hours?,N,
S031,Critical Questions,2,1,"What manual workaround exists if this asset is unavailable, and how long can it sustain operations?",N,
S031,Critical Questions,3,1,What is the documented recovery time objective (RTO) for this asset?,N,
S031,Critical Questions,4,1,"Which upstream dependencies, if degraded, would prevent recovery of this asset?",N,
S031,Critical Questions,5,1,Which downstream dependencies should be notified first when this asset goes down?,N,
S031,Critical Questions,6,1,"What vendor or external party is required for restoration, and how are they reached?",N,
S031,Critical Questions,7,1,"What data, configuration, or state would be lost if this asset failed catastrophically?",N,
S031,Critical Questions,8,1,When was the recovery procedure for this asset last tested or exercised?,N,
S031,Short-Term Operations,1,1,First 30 minutes,Y,First 30 minutes
S031,Short-Term Operations,2,2,Open a P1 ticket and engage the Operations system owner.,N,First 30 minutes
S031,Short-Term Operations,3,2,"Confirm whether the issue is power, network, application, or data layer.",N,First 30 minutes
S031,Short-Term Operations,4,2,Identify any redundant or alternate path to the same function.,N,First 30 minutes
S031,Short-Term Operations,5,1,First 2 hours,Y,First 2 hours
S031,Short-Term Operations,6,2,Mobilize the technical team with appropriate vendor support.,N,First 2 hours
S031,Short-Term Operations,7,2,Activate the documented manual workaround for any time-critical use of the system.,N,First 2 hours
S031,Short-Term Operations,8,2,Communicate the outage to dependent system and process owners.,N,First 2 hours
S031,Short-Term Operations,9,1,First 24 hours,Y,First 24 hours
S031,Short-Term Operations,10,2,Execute the recovery procedure defined for this system.,N,First 24 hours
S031,Short-Term Operations,11,2,Validate data integrity and dependent integrations after restoration.,N,First 24 hours
S031,Short-Term Operations,12,2,Document root cause and any required configuration or process changes.,N,First 24 hours
S032,Process Name,1,0,Vendor Portal,N,
S032,Department,2,0,Supply Chain,N,
S032,Program Office,3,0,Supply Chain / IT,N,
S032,Operational Category,4,0,4-Other,N,
S032,Priority within Category,5,0,3,N,
S032,Restoration Score,6,0,22,N,
S032,Description,1,0,"Vendor Portal is a system within Supply Chain's portfolio. It provides services that other processes and systems depend on, and its availability affects the cascade of downstream operations. During incidents, restoring this system removes blockers for the items listed in its downstream dependencies.",N,
S032,Impacts,1,0,No directly mapped downstream impacts in this dataset.,N,
S032,Critical Questions,1,1,Who owns this asset and who is the on-call backup outside business hours?,N,
S032,Critical Questions,2,1,"What manual workaround exists if this asset is unavailable, and how long can it sustain operations?",N,
S032,Critical Questions,3,1,What is the documented recovery time objective (RTO) for this asset?,N,
S032,Critical Questions,4,1,"Which upstream dependencies, if degraded, would prevent recovery of this asset?",N,
S032,Critical Questions,5,1,Which downstream dependencies should be notified first when this asset goes down?,N,
S032,Critical Questions,6,1,"What vendor or external party is required for restoration, and how are they reached?",N,
S032,Critical Questions,7,1,"What data, configuration, or state would be lost if this asset failed catastrophically?",N,
S032,Critical Questions,8,1,When was the recovery procedure for this asset last tested or exercised?,N,
S032,Short-Term Operations,1,1,First 30 minutes,Y,First 30 minutes
S032,Short-Term Operations,2,2,Open a P1 ticket and engage the Supply Chain system owner.,N,First 30 minutes
S032,Short-Term Operations,3,2,"Confirm whether the issue is power, network, application, or data layer.",N,First 30 minutes
S032,Short-Term Operations,4,2,Identify any redundant or alternate path to the same function.,N,First 30 minutes
S032,Short-Term Operations,5,1,First 2 hours,Y,First 2 hours
S032,Short-Term Operations,6,2,Mobilize the technical team with appropriate vendor support.,N,First 2 hours
S032,Short-Term Operations,7,2,Activate the documented manual workaround for any time-critical use of the system.,N,First 2 hours
S032,Short-Term Operations,8,2,Communicate the outage to dependent system and process owners.,N,First 2 hours
S032,Short-Term Operations,9,1,First 24 hours,Y,First 24 hours
S032,Short-Term Operations,10,2,Execute the recovery procedure defined for this system.,N,First 24 hours
S032,Short-Term Operations,11,2,Validate data integrity and dependent integrations after restoration.,N,First 24 hours
S032,Short-Term Operations,12,2,Document root cause and any required configuration or process changes.,N,First 24 hours
S033,Process Name,1,0,Print Management Service,N,
S033,Department,2,0,Information Technology,N,
S033,Program Office,3,0,IT Apps,N,
S033,Operational Category,4,0,4-Other,N,
S033,Priority within Category,5,0,4,N,
S033,Restoration Score,6,0,20,N,
S033,Description,1,0,"Print Management Service is a system within Information Technology's portfolio. It provides services that other processes and systems depend on, and its availability affects the cascade of downstream operations. During incidents, restoring this system removes blockers for the items listed in its downstream dependencies.",N,
S033,Impacts,1,0,No directly mapped downstream impacts in this dataset.,N,
S033,Critical Questions,1,1,Who owns this asset and who is the on-call backup outside business hours?,N,
S033,Critical Questions,2,1,"What manual workaround exists if this asset is unavailable, and how long can it sustain operations?",N,
S033,Critical Questions,3,1,What is the documented recovery time objective (RTO) for this asset?,N,
S033,Critical Questions,4,1,"Which upstream dependencies, if degraded, would prevent recovery of this asset?",N,
S033,Critical Questions,5,1,Which downstream dependencies should be notified first when this asset goes down?,N,
S033,Critical Questions,6,1,"What vendor or external party is required for restoration, and how are they reached?",N,
S033,Critical Questions,7,1,"What data, configuration, or state would be lost if this asset failed catastrophically?",N,
S033,Critical Questions,8,1,When was the recovery procedure for this asset last tested or exercised?,N,
S033,Short-Term Operations,1,1,First 30 minutes,Y,First 30 minutes
S033,Short-Term Operations,2,2,Open a P1 ticket and engage the Information Technology system owner.,N,First 30 minutes
S033,Short-Term Operations,3,2,"Confirm whether the issue is power, network, application, or data layer.",N,First 30 minutes
S033,Short-Term Operations,4,2,Identify any redundant or alternate path to the same function.,N,First 30 minutes
S033,Short-Term Operations,5,1,First 2 hours,Y,First 2 hours
S033,Short-Term Operations,6,2,Mobilize the technical team with appropriate vendor support.,N,First 2 hours
S033,Short-Term Operations,7,2,Activate the documented manual workaround for any time-critical use of the system.,N,First 2 hours
S033,Short-Term Operations,8,2,Communicate the outage to dependent system and process owners.,N,First 2 hours
S033,Short-Term Operations,9,1,First 24 hours,Y,First 24 hours
S033,Short-Term Operations,10,2,Execute the recovery procedure defined for this system.,N,First 24 hours
S033,Short-Term Operations,11,2,Validate data integrity and dependent integrations after restoration.,N,First 24 hours
S033,Short-Term Operations,12,2,Document root cause and any required configuration or process changes.,N,First 24 hours
S034,Process Name,1,0,Visitor Management System,N,
S034,Department,2,0,Security,N,
S034,Program Office,3,0,Security,N,
S034,Operational Category,4,0,4-Other,N,
S034,Priority within Category,5,0,3,N,
S034,Restoration Score,6,0,24,N,
S034,Description,1,0,"Visitor Management System is a system within Security's portfolio. It provides services that other processes and systems depend on, and its availability affects the cascade of downstream operations. During incidents, restoring this system removes blockers for the items listed in its downstream dependencies.",N,
S034,Impacts,1,0,"If unavailable, this asset has 1 direct downstream dependencies and 1 total cascading impacts (deduplicated). The cascade reaches a maximum depth of 1 hops in the dependency graph.",N,
S034,Critical Questions,1,1,Who owns this asset and who is the on-call backup outside business hours?,N,
S034,Critical Questions,2,1,"What manual workaround exists if this asset is unavailable, and how long can it sustain operations?",N,
S034,Critical Questions,3,1,What is the documented recovery time objective (RTO) for this asset?,N,
S034,Critical Questions,4,1,"Which upstream dependencies, if degraded, would prevent recovery of this asset?",N,
S034,Critical Questions,5,1,Which downstream dependencies should be notified first when this asset goes down?,N,
S034,Critical Questions,6,1,"What vendor or external party is required for restoration, and how are they reached?",N,
S034,Critical Questions,7,1,"What data, configuration, or state would be lost if this asset failed catastrophically?",N,
S034,Critical Questions,8,1,When was the recovery procedure for this asset last tested or exercised?,N,
S034,Short-Term Operations,1,1,First 30 minutes,Y,First 30 minutes
S034,Short-Term Operations,2,2,Open a P1 ticket and engage the Security system owner.,N,First 30 minutes
S034,Short-Term Operations,3,2,"Confirm whether the issue is power, network, application, or data layer.",N,First 30 minutes
S034,Short-Term Operations,4,2,Identify any redundant or alternate path to the same function.,N,First 30 minutes
S034,Short-Term Operations,5,1,First 2 hours,Y,First 2 hours
S034,Short-Term Operations,6,2,Mobilize the technical team with appropriate vendor support.,N,First 2 hours
S034,Short-Term Operations,7,2,Activate the documented manual workaround for any time-critical use of the system.,N,First 2 hours
S034,Short-Term Operations,8,2,Communicate the outage to dependent system and process owners.,N,First 2 hours
S034,Short-Term Operations,9,1,First 24 hours,Y,First 24 hours
S034,Short-Term Operations,10,2,Execute the recovery procedure defined for this system.,N,First 24 hours
S034,Short-Term Operations,11,2,Validate data integrity and dependent integrations after restoration.,N,First 24 hours
S034,Short-Term Operations,12,2,Document root cause and any required configuration or process changes.,N,First 24 hours
S035,Process Name,1,0,Wi-Fi (Guest),N,
S035,Department,2,0,Information Technology,N,
S035,Program Office,3,0,IT Infra,N,
S035,Operational Category,4,0,4-Other,N,
S035,Priority within Category,5,0,4,N,
S035,Restoration Score,6,0,20,N,
S035,Description,1,0,"Wi-Fi (Guest) is a system within Information Technology's portfolio. It provides services that other processes and systems depend on, and its availability affects the cascade of downstream operations. During incidents, restoring this system removes blockers for the items listed in its downstream dependencies.",N,
S035,Impacts,1,0,No directly mapped downstream impacts in this dataset.,N,
S035,Critical Questions,1,1,Who owns this asset and who is the on-call backup outside business hours?,N,
S035,Critical Questions,2,1,"What manual workaround exists if this asset is unavailable, and how long can it sustain operations?",N,
S035,Critical Questions,3,1,What is the documented recovery time objective (RTO) for this asset?,N,
S035,Critical Questions,4,1,"Which upstream dependencies, if degraded, would prevent recovery of this asset?",N,
S035,Critical Questions,5,1,Which downstream dependencies should be notified first when this asset goes down?,N,
S035,Critical Questions,6,1,"What vendor or external party is required for restoration, and how are they reached?",N,
S035,Critical Questions,7,1,"What data, configuration, or state would be lost if this asset failed catastrophically?",N,
S035,Critical Questions,8,1,When was the recovery procedure for this asset last tested or exercised?,N,
S035,Short-Term Operations,1,1,First 30 minutes,Y,First 30 minutes
S035,Short-Term Operations,2,2,Open a P1 ticket and engage the Information Technology system owner.,N,First 30 minutes
S035,Short-Term Operations,3,2,"Confirm whether the issue is power, network, application, or data layer.",N,First 30 minutes
S035,Short-Term Operations,4,2,Identify any redundant or alternate path to the same function.,N,First 30 minutes
S035,Short-Term Operations,5,1,First 2 hours,Y,First 2 hours
S035,Short-Term Operations,6,2,Mobilize the technical team with appropriate vendor support.,N,First 2 hours
S035,Short-Term Operations,7,2,Activate the documented manual workaround for any time-critical use of the system.,N,First 2 hours
S035,Short-Term Operations,8,2,Communicate the outage to dependent system and process owners.,N,First 2 hours
S035,Short-Term Operations,9,1,First 24 hours,Y,First 24 hours
S035,Short-Term Operations,10,2,Execute the recovery procedure defined for this system.,N,First 24 hours
S035,Short-Term Operations,11,2,Validate data integrity and dependent integrations after restoration.,N,First 24 hours
S035,Short-Term Operations,12,2,Document root cause and any required configuration or process changes.,N,First 24 hours
F001,Process Name,1,0,Headquarters Building,N,
F001,Department,2,0,Facilities Management,N,
F001,Program Office,3,0,Facilities,N,
F001,Operational Category,4,0,3-Critical Admin,N,
F001,Priority within Category,5,0,2,N,
F001,Restoration Score,6,0,47,N,
F001,Description,1,0,"Headquarters Building is a facility under Facilities Management's responsibility. It physically houses operations, systems, and personnel whose availability is conditional on the building being accessible, powered, and safe. Damage or denial of access cascades through the functions that depend on this site.",N,
F001,Impacts,1,0,"If unavailable, this asset has 4 direct downstream dependencies and 4 total cascading impacts (deduplicated). The cascade reaches a maximum depth of 1 hops in the dependency graph.",N,
F001,Critical Questions,1,1,Who owns this asset and who is the on-call backup outside business hours?,N,
F001,Critical Questions,2,1,"What manual workaround exists if this asset is unavailable, and how long can it sustain operations?",N,
F001,Critical Questions,3,1,What is the documented recovery time objective (RTO) for this asset?,N,
F001,Critical Questions,4,1,"Which upstream dependencies, if degraded, would prevent recovery of this asset?",N,
F001,Critical Questions,5,1,Which downstream dependencies should be notified first when this asset goes down?,N,
F001,Critical Questions,6,1,"What vendor or external party is required for restoration, and how are they reached?",N,
F001,Critical Questions,7,1,"What data, configuration, or state would be lost if this asset failed catastrophically?",N,
F001,Critical Questions,8,1,When was the recovery procedure for this asset last tested or exercised?,N,
F001,Short-Term Operations,1,1,First 30 minutes,Y,First 30 minutes
F001,Short-Term Operations,2,2,"Determine whether the facility is denied entirely, partially, or simply degraded.",N,First 30 minutes
F001,Short-Term Operations,3,2,Account for personnel and any visitors on site at the time of the incident.,N,First 30 minutes
F001,Short-Term Operations,4,2,Establish a perimeter or alternate access plan with Security.,N,First 30 minutes
F001,Short-Term Operations,5,1,First 2 hours,Y,First 2 hours
F001,Short-Term Operations,6,2,Assess physical damage with Engineering and Facilities leadership.,N,First 2 hours
F001,Short-Term Operations,7,2,Determine which co-located systems and processes are affected.,N,First 2 hours
F001,Short-Term Operations,8,2,Decide whether to relocate critical operations to an alternate site.,N,First 2 hours
F001,Short-Term Operations,9,1,First 24 hours,Y,First 24 hours
F001,Short-Term Operations,10,2,Begin remediation or relocation per the facility's continuity plan.,N,First 24 hours
F001,Short-Term Operations,11,2,Coordinate with affected departments to maintain business operations.,N,First 24 hours
F001,Short-Term Operations,12,2,"Track and document costs, vendors engaged, and recovery timeline.",N,First 24 hours
F002,Process Name,1,0,Operations Center / EOC,N,
F002,Department,2,0,Emergency Management,N,
F002,Program Office,3,0,Emergency Mgmt,N,
F002,Operational Category,4,0,1-Life Safety,N,
F002,Priority within Category,5,0,1,N,
F002,Restoration Score,6,0,93,N,
F002,Description,1,0,"Operations Center / EOC is a facility under Emergency Management's responsibility. It physically houses operations, systems, and personnel whose availability is conditional on the building being accessible, powered, and safe. Damage or denial of access cascades through the functions that depend on this site.",N,
F002,Impacts,1,0,"If unavailable, this asset has 3 direct downstream dependencies and 3 total cascading impacts (deduplicated). The cascade reaches a maximum depth of 1 hops in the dependency graph.",N,
F002,Critical Questions,1,1,Who owns this asset and who is the on-call backup outside business hours?,N,
F002,Critical Questions,2,1,"What manual workaround exists if this asset is unavailable, and how long can it sustain operations?",N,
F002,Critical Questions,3,1,What is the documented recovery time objective (RTO) for this asset?,N,
F002,Critical Questions,4,1,"Which upstream dependencies, if degraded, would prevent recovery of this asset?",N,
F002,Critical Questions,5,1,Which downstream dependencies should be notified first when this asset goes down?,N,
F002,Critical Questions,6,1,"What vendor or external party is required for restoration, and how are they reached?",N,
F002,Critical Questions,7,1,"What data, configuration, or state would be lost if this asset failed catastrophically?",N,
F002,Critical Questions,8,1,When was the recovery procedure for this asset last tested or exercised?,N,
F002,Short-Term Operations,1,1,First 30 minutes,Y,First 30 minutes
F002,Short-Term Operations,2,2,"Determine whether the facility is denied entirely, partially, or simply degraded.",N,First 30 minutes
F002,Short-Term Operations,3,2,Account for personnel and any visitors on site at the time of the incident.,N,First 30 minutes
F002,Short-Term Operations,4,2,Establish a perimeter or alternate access plan with Security.,N,First 30 minutes
F002,Short-Term Operations,5,1,First 2 hours,Y,First 2 hours
F002,Short-Term Operations,6,2,Assess physical damage with Engineering and Facilities leadership.,N,First 2 hours
F002,Short-Term Operations,7,2,Determine which co-located systems and processes are affected.,N,First 2 hours
F002,Short-Term Operations,8,2,Decide whether to relocate critical operations to an alternate site.,N,First 2 hours
F002,Short-Term Operations,9,1,First 24 hours,Y,First 24 hours
F002,Short-Term Operations,10,2,Begin remediation or relocation per the facility's continuity plan.,N,First 24 hours
F002,Short-Term Operations,11,2,Coordinate with affected departments to maintain business operations.,N,First 24 hours
F002,Short-Term Operations,12,2,"Track and document costs, vendors engaged, and recovery timeline.",N,First 24 hours
F003,Process Name,1,0,Production Plant A,N,
F003,Department,2,0,Operations,N,
F003,Program Office,3,0,Operations,N,
F003,Operational Category,4,0,2-Critical Operations,N,
F003,Priority within Category,5,0,1,N,
F003,Restoration Score,6,0,72,N,
F003,Description,1,0,"Production Plant A is a facility under Operations's responsibility. It physically houses operations, systems, and personnel whose availability is conditional on the building being accessible, powered, and safe. Damage or denial of access cascades through the functions that depend on this site.",N,
F003,Impacts,1,0,"If unavailable, this asset has 2 direct downstream dependencies and 2 total cascading impacts (deduplicated). The cascade reaches a maximum depth of 1 hops in the dependency graph.",N,
F003,Critical Questions,1,1,Who owns this asset and who is the on-call backup outside business hours?,N,
F003,Critical Questions,2,1,"What manual workaround exists if this asset is unavailable, and how long can it sustain operations?",N,
F003,Critical Questions,3,1,What is the documented recovery time objective (RTO) for this asset?,N,
F003,Critical Questions,4,1,"Which upstream dependencies, if degraded, would prevent recovery of this asset?",N,
F003,Critical Questions,5,1,Which downstream dependencies should be notified first when this asset goes down?,N,
F003,Critical Questions,6,1,"What vendor or external party is required for restoration, and how are they reached?",N,
F003,Critical Questions,7,1,"What data, configuration, or state would be lost if this asset failed catastrophically?",N,
F003,Critical Questions,8,1,When was the recovery procedure for this asset last tested or exercised?,N,
F003,Short-Term Operations,1,1,First 30 minutes,Y,First 30 minutes
F003,Short-Term Operations,2,2,"Determine whether the facility is denied entirely, partially, or simply degraded.",N,First 30 minutes
F003,Short-Term Operations,3,2,Account for personnel and any visitors on site at the time of the incident.,N,First 30 minutes
F003,Short-Term Operations,4,2,Establish a perimeter or alternate access plan with Security.,N,First 30 minutes
F003,Short-Term Operations,5,1,First 2 hours,Y,First 2 hours
F003,Short-Term Operations,6,2,Assess physical damage with Engineering and Facilities leadership.,N,First 2 hours
F003,Short-Term Operations,7,2,Determine which co-located systems and processes are affected.,N,First 2 hours
F003,Short-Term Operations,8,2,Decide whether to relocate critical operations to an alternate site.,N,First 2 hours
F003,Short-Term Operations,9,1,First 24 hours,Y,First 24 hours
F003,Short-Term Operations,10,2,Begin remediation or relocation per the facility's continuity plan.,N,First 24 hours
F003,Short-Term Operations,11,2,Coordinate with affected departments to maintain business operations.,N,First 24 hours
F003,Short-Term Operations,12,2,"Track and document costs, vendors engaged, and recovery timeline.",N,First 24 hours
F004,Process Name,1,0,Production Plant B,N,
F004,Department,2,0,Operations,N,
F004,Program Office,3,0,Operations,N,
F004,Operational Category,4,0,2-Critical Operations,N,
F004,Priority within Category,5,0,2,N,
F004,Restoration Score,6,0,71,N,
F004,Description,1,0,"Production Plant B is a facility under Operations's responsibility. It physically houses operations, systems, and personnel whose availability is conditional on the building being accessible, powered, and safe. Damage or denial of access cascades through the functions that depend on this site.",N,
F004,Impacts,1,0,"If unavailable, this asset has 2 direct downstream dependencies and 2 total cascading impacts (deduplicated). The cascade reaches a maximum depth of 1 hops in the dependency graph.",N,
F004,Critical Questions,1,1,Who owns this asset and who is the on-call backup outside business hours?,N,
F004,Critical Questions,2,1,"What manual workaround exists if this asset is unavailable, and how long can it sustain operations?",N,
F004,Critical Questions,3,1,What is the documented recovery time objective (RTO) for this asset?,N,
F004,Critical Questions,4,1,"Which upstream dependencies, if degraded, would prevent recovery of this asset?",N,
F004,Critical Questions,5,1,Which downstream dependencies should be notified first when this asset goes down?,N,
F004,Critical Questions,6,1,"What vendor or external party is required for restoration, and how are they reached?",N,
F004,Critical Questions,7,1,"What data, configuration, or state would be lost if this asset failed catastrophically?",N,
F004,Critical Questions,8,1,When was the recovery procedure for this asset last tested or exercised?,N,
F004,Short-Term Operations,1,1,First 30 minutes,Y,First 30 minutes
F004,Short-Term Operations,2,2,"Determine whether the facility is denied entirely, partially, or simply degraded.",N,First 30 minutes
F004,Short-Term Operations,3,2,Account for personnel and any visitors on site at the time of the incident.,N,First 30 minutes
F004,Short-Term Operations,4,2,Establish a perimeter or alternate access plan with Security.,N,First 30 minutes
F004,Short-Term Operations,5,1,First 2 hours,Y,First 2 hours
F004,Short-Term Operations,6,2,Assess physical damage with Engineering and Facilities leadership.,N,First 2 hours
F004,Short-Term Operations,7,2,Determine which co-located systems and processes are affected.,N,First 2 hours
F004,Short-Term Operations,8,2,Decide whether to relocate critical operations to an alternate site.,N,First 2 hours
F004,Short-Term Operations,9,1,First 24 hours,Y,First 24 hours
F004,Short-Term Operations,10,2,Begin remediation or relocation per the facility's continuity plan.,N,First 24 hours
F004,Short-Term Operations,11,2,Coordinate with affected departments to maintain business operations.,N,First 24 hours
F004,Short-Term Operations,12,2,"Track and document costs, vendors engaged, and recovery timeline.",N,First 24 hours
F005,Process Name,1,0,Distribution Warehouse (Main),N,
F005,Department,2,0,Supply Chain,N,
F005,Program Office,3,0,Supply Chain,N,
F005,Operational Category,4,0,2-Critical Operations,N,
F005,Priority within Category,5,0,2,N,
F005,Restoration Score,6,0,72,N,
F005,Description,1,0,"Distribution Warehouse (Main) is a facility under Supply Chain's responsibility. It physically houses operations, systems, and personnel whose availability is conditional on the building being accessible, powered, and safe. Damage or denial of access cascades through the functions that depend on this site.",N,
F005,Impacts,1,0,"If unavailable, this asset has 3 direct downstream dependencies and 3 total cascading impacts (deduplicated). The cascade reaches a maximum depth of 1 hops in the dependency graph.",N,
F005,Critical Questions,1,1,Who owns this asset and who is the on-call backup outside business hours?,N,
F005,Critical Questions,2,1,"What manual workaround exists if this asset is unavailable, and how long can it sustain operations?",N,
F005,Critical Questions,3,1,What is the documented recovery time objective (RTO) for this asset?,N,
F005,Critical Questions,4,1,"Which upstream dependencies, if degraded, would prevent recovery of this asset?",N,
F005,Critical Questions,5,1,Which downstream dependencies should be notified first when this asset goes down?,N,
F005,Critical Questions,6,1,"What vendor or external party is required for restoration, and how are they reached?",N,
F005,Critical Questions,7,1,"What data, configuration, or state would be lost if this asset failed catastrophically?",N,
F005,Critical Questions,8,1,When was the recovery procedure for this asset last tested or exercised?,N,
F005,Short-Term Operations,1,1,First 30 minutes,Y,First 30 minutes
F005,Short-Term Operations,2,2,"Determine whether the facility is denied entirely, partially, or simply degraded.",N,First 30 minutes
F005,Short-Term Operations,3,2,Account for personnel and any visitors on site at the time of the incident.,N,First 30 minutes
F005,Short-Term Operations,4,2,Establish a perimeter or alternate access plan with Security.,N,First 30 minutes
F005,Short-Term Operations,5,1,First 2 hours,Y,First 2 hours
F005,Short-Term Operations,6,2,Assess physical damage with Engineering and Facilities leadership.,N,First 2 hours
F005,Short-Term Operations,7,2,Determine which co-located systems and processes are affected.,N,First 2 hours
F005,Short-Term Operations,8,2,Decide whether to relocate critical operations to an alternate site.,N,First 2 hours
F005,Short-Term Operations,9,1,First 24 hours,Y,First 24 hours
F005,Short-Term Operations,10,2,Begin remediation or relocation per the facility's continuity plan.,N,First 24 hours
F005,Short-Term Operations,11,2,Coordinate with affected departments to maintain business operations.,N,First 24 hours
F005,Short-Term Operations,12,2,"Track and document costs, vendors engaged, and recovery timeline.",N,First 24 hours
F006,Process Name,1,0,Distribution Warehouse (Overflow),N,
F006,Department,2,0,Supply Chain,N,
F006,Program Office,3,0,Supply Chain,N,
F006,Operational Category,4,0,2-Critical Operations,N,
F006,Priority within Category,5,0,4,N,
F006,Restoration Score,6,0,70,N,
F006,Description,1,0,"Distribution Warehouse (Overflow) is a facility under Supply Chain's responsibility. It physically houses operations, systems, and personnel whose availability is conditional on the building being accessible, powered, and safe. Damage or denial of access cascades through the functions that depend on this site.",N,
F006,Impacts,1,0,"If unavailable, this asset has 1 direct downstream dependencies and 2 total cascading impacts (deduplicated). The cascade reaches a maximum depth of 2 hops in the dependency graph.",N,
F006,Critical Questions,1,1,Who owns this asset and who is the on-call backup outside business hours?,N,
F006,Critical Questions,2,1,"What manual workaround exists if this asset is unavailable, and how long can it sustain operations?",N,
F006,Critical Questions,3,1,What is the documented recovery time objective (RTO) for this asset?,N,
F006,Critical Questions,4,1,"Which upstream dependencies, if degraded, would prevent recovery of this asset?",N,
F006,Critical Questions,5,1,Which downstream dependencies should be notified first when this asset goes down?,N,
F006,Critical Questions,6,1,"What vendor or external party is required for restoration, and how are they reached?",N,
F006,Critical Questions,7,1,"What data, configuration, or state would be lost if this asset failed catastrophically?",N,
F006,Critical Questions,8,1,When was the recovery procedure for this asset last tested or exercised?,N,
F006,Short-Term Operations,1,1,First 30 minutes,Y,First 30 minutes
F006,Short-Term Operations,2,2,"Determine whether the facility is denied entirely, partially, or simply degraded.",N,First 30 minutes
F006,Short-Term Operations,3,2,Account for personnel and any visitors on site at the time of the incident.,N,First 30 minutes
F006,Short-Term Operations,4,2,Establish a perimeter or alternate access plan with Security.,N,First 30 minutes
F006,Short-Term Operations,5,1,First 2 hours,Y,First 2 hours
F006,Short-Term Operations,6,2,Assess physical damage with Engineering and Facilities leadership.,N,First 2 hours
F006,Short-Term Operations,7,2,Determine which co-located systems and processes are affected.,N,First 2 hours
F006,Short-Term Operations,8,2,Decide whether to relocate critical operations to an alternate site.,N,First 2 hours
F006,Short-Term Operations,9,1,First 24 hours,Y,First 24 hours
F006,Short-Term Operations,10,2,Begin remediation or relocation per the facility's continuity plan.,N,First 24 hours
F006,Short-Term Operations,11,2,Coordinate with affected departments to maintain business operations.,N,First 24 hours
F006,Short-Term Operations,12,2,"Track and document costs, vendors engaged, and recovery timeline.",N,First 24 hours
F007,Process Name,1,0,Maintenance Shop,N,
F007,Department,2,0,Engineering & Maintenance,N,
F007,Program Office,3,0,Engineering,N,
F007,Operational Category,4,0,2-Critical Operations,N,
F007,Priority within Category,5,0,3,N,
F007,Restoration Score,6,0,74,N,
F007,Description,1,0,"Maintenance Shop is a facility under Engineering & Maintenance's responsibility. It physically houses operations, systems, and personnel whose availability is conditional on the building being accessible, powered, and safe. Damage or denial of access cascades through the functions that depend on this site.",N,
F007,Impacts,1,0,"If unavailable, this asset has 2 direct downstream dependencies and 4 total cascading impacts (deduplicated). The cascade reaches a maximum depth of 3 hops in the dependency graph.",N,
F007,Critical Questions,1,1,Who owns this asset and who is the on-call backup outside business hours?,N,
F007,Critical Questions,2,1,"What manual workaround exists if this asset is unavailable, and how long can it sustain operations?",N,
F007,Critical Questions,3,1,What is the documented recovery time objective (RTO) for this asset?,N,
F007,Critical Questions,4,1,"Which upstream dependencies, if degraded, would prevent recovery of this asset?",N,
F007,Critical Questions,5,1,Which downstream dependencies should be notified first when this asset goes down?,N,
F007,Critical Questions,6,1,"What vendor or external party is required for restoration, and how are they reached?",N,
F007,Critical Questions,7,1,"What data, configuration, or state would be lost if this asset failed catastrophically?",N,
F007,Critical Questions,8,1,When was the recovery procedure for this asset last tested or exercised?,N,
F007,Short-Term Operations,1,1,First 30 minutes,Y,First 30 minutes
F007,Short-Term Operations,2,2,"Determine whether the facility is denied entirely, partially, or simply degraded.",N,First 30 minutes
F007,Short-Term Operations,3,2,Account for personnel and any visitors on site at the time of the incident.,N,First 30 minutes
F007,Short-Term Operations,4,2,Establish a perimeter or alternate access plan with Security.,N,First 30 minutes
F007,Short-Term Operations,5,1,First 2 hours,Y,First 2 hours
F007,Short-Term Operations,6,2,Assess physical damage with Engineering and Facilities leadership.,N,First 2 hours
F007,Short-Term Operations,7,2,Determine which co-located systems and processes are affected.,N,First 2 hours
F007,Short-Term Operations,8,2,Decide whether to relocate critical operations to an alternate site.,N,First 2 hours
F007,Short-Term Operations,9,1,First 24 hours,Y,First 24 hours
F007,Short-Term Operations,10,2,Begin remediation or relocation per the facility's continuity plan.,N,First 24 hours
F007,Short-Term Operations,11,2,Coordinate with affected departments to maintain business operations.,N,First 24 hours
F007,Short-Term Operations,12,2,"Track and document costs, vendors engaged, and recovery timeline.",N,First 24 hours
F008,Process Name,1,0,Fleet Operations Hub,N,
F008,Department,2,0,Supply Chain,N,
F008,Program Office,3,0,Supply Chain,N,
F008,Operational Category,4,0,2-Critical Operations,N,
F008,Priority within Category,5,0,3,N,
F008,Restoration Score,6,0,72,N,
F008,Description,1,0,"Fleet Operations Hub is a facility under Supply Chain's responsibility. It physically houses operations, systems, and personnel whose availability is conditional on the building being accessible, powered, and safe. Damage or denial of access cascades through the functions that depend on this site.",N,
F008,Impacts,1,0,"If unavailable, this asset has 2 direct downstream dependencies and 4 total cascading impacts (deduplicated). The cascade reaches a maximum depth of 2 hops in the dependency graph.",N,
F008,Critical Questions,1,1,Who owns this asset and who is the on-call backup outside business hours?,N,
F008,Critical Questions,2,1,"What manual workaround exists if this asset is unavailable, and how long can it sustain operations?",N,
F008,Critical Questions,3,1,What is the documented recovery time objective (RTO) for this asset?,N,
F008,Critical Questions,4,1,"Which upstream dependencies, if degraded, would prevent recovery of this asset?",N,
F008,Critical Questions,5,1,Which downstream dependencies should be notified first when this asset goes down?,N,
F008,Critical Questions,6,1,"What vendor or external party is required for restoration, and how are they reached?",N,
F008,Critical Questions,7,1,"What data, configuration, or state would be lost if this asset failed catastrophically?",N,
F008,Critical Questions,8,1,When was the recovery procedure for this asset last tested or exercised?,N,
F008,Short-Term Operations,1,1,First 30 minutes,Y,First 30 minutes
F008,Short-Term Operations,2,2,"Determine whether the facility is denied entirely, partially, or simply degraded.",N,First 30 minutes
F008,Short-Term Operations,3,2,Account for personnel and any visitors on site at the time of the incident.,N,First 30 minutes
F008,Short-Term Operations,4,2,Establish a perimeter or alternate access plan with Security.,N,First 30 minutes
F008,Short-Term Operations,5,1,First 2 hours,Y,First 2 hours
F008,Short-Term Operations,6,2,Assess physical damage with Engineering and Facilities leadership.,N,First 2 hours
F008,Short-Term Operations,7,2,Determine which co-located systems and processes are affected.,N,First 2 hours
F008,Short-Term Operations,8,2,Decide whether to relocate critical operations to an alternate site.,N,First 2 hours
F008,Short-Term Operations,9,1,First 24 hours,Y,First 24 hours
F008,Short-Term Operations,10,2,Begin remediation or relocation per the facility's continuity plan.,N,First 24 hours
F008,Short-Term Operations,11,2,Coordinate with affected departments to maintain business operations.,N,First 24 hours
F008,Short-Term Operations,12,2,"Track and document costs, vendors engaged, and recovery timeline.",N,First 24 hours
F009,Process Name,1,0,Primary Data Center,N,
F009,Department,2,0,Information Technology,N,
F009,Program Office,3,0,IT Infra,N,
F009,Operational Category,4,0,2-Critical Operations,N,
F009,Priority within Category,5,0,1,N,
F009,Restoration Score,6,0,90,N,
F009,Description,1,0,"Primary Data Center is a facility under Information Technology's responsibility. It physically houses operations, systems, and personnel whose availability is conditional on the building being accessible, powered, and safe. Damage or denial of access cascades through the functions that depend on this site.",N,
F009,Impacts,1,0,"If unavailable, this asset has 4 direct downstream dependencies and 41 total cascading impacts (deduplicated). The cascade reaches a maximum depth of 3 hops in the dependency graph.",N,
F009,Critical Questions,1,1,Who owns this asset and who is the on-call backup outside business hours?,N,
F009,Critical Questions,2,1,"What manual workaround exists if this asset is unavailable, and how long can it sustain operations?",N,
F009,Critical Questions,3,1,What is the documented recovery time objective (RTO) for this asset?,N,
F009,Critical Questions,4,1,"Which upstream dependencies, if degraded, would prevent recovery of this asset?",N,
F009,Critical Questions,5,1,Which downstream dependencies should be notified first when this asset goes down?,N,
F009,Critical Questions,6,1,"What vendor or external party is required for restoration, and how are they reached?",N,
F009,Critical Questions,7,1,"What data, configuration, or state would be lost if this asset failed catastrophically?",N,
F009,Critical Questions,8,1,When was the recovery procedure for this asset last tested or exercised?,N,
F009,Short-Term Operations,1,1,First 30 minutes,Y,First 30 minutes
F009,Short-Term Operations,2,2,"Determine whether the facility is denied entirely, partially, or simply degraded.",N,First 30 minutes
F009,Short-Term Operations,3,2,Account for personnel and any visitors on site at the time of the incident.,N,First 30 minutes
F009,Short-Term Operations,4,2,Establish a perimeter or alternate access plan with Security.,N,First 30 minutes
F009,Short-Term Operations,5,1,First 2 hours,Y,First 2 hours
F009,Short-Term Operations,6,2,Assess physical damage with Engineering and Facilities leadership.,N,First 2 hours
F009,Short-Term Operations,7,2,Determine which co-located systems and processes are affected.,N,First 2 hours
F009,Short-Term Operations,8,2,Decide whether to relocate critical operations to an alternate site.,N,First 2 hours
F009,Short-Term Operations,9,1,First 24 hours,Y,First 24 hours
F009,Short-Term Operations,10,2,Begin remediation or relocation per the facility's continuity plan.,N,First 24 hours
F009,Short-Term Operations,11,2,Coordinate with affected departments to maintain business operations.,N,First 24 hours
F009,Short-Term Operations,12,2,"Track and document costs, vendors engaged, and recovery timeline.",N,First 24 hours
F010,Process Name,1,0,Backup Data Center,N,
F010,Department,2,0,Information Technology,N,
F010,Program Office,3,0,IT Infra,N,
F010,Operational Category,4,0,2-Critical Operations,N,
F010,Priority within Category,5,0,2,N,
F010,Restoration Score,6,0,70,N,
F010,Description,1,0,"Backup Data Center is a facility under Information Technology's responsibility. It physically houses operations, systems, and personnel whose availability is conditional on the building being accessible, powered, and safe. Damage or denial of access cascades through the functions that depend on this site.",N,
F010,Impacts,1,0,"If unavailable, this asset has 1 direct downstream dependencies and 1 total cascading impacts (deduplicated). The cascade reaches a maximum depth of 1 hops in the dependency graph.",N,
F010,Critical Questions,1,1,Who owns this asset and who is the on-call backup outside business hours?,N,
F010,Critical Questions,2,1,"What manual workaround exists if this asset is unavailable, and how long can it sustain operations?",N,
F010,Critical Questions,3,1,What is the documented recovery time objective (RTO) for this asset?,N,
F010,Critical Questions,4,1,"Which upstream dependencies, if degraded, would prevent recovery of this asset?",N,
F010,Critical Questions,5,1,Which downstream dependencies should be notified first when this asset goes down?,N,
F010,Critical Questions,6,1,"What vendor or external party is required for restoration, and how are they reached?",N,
F010,Critical Questions,7,1,"What data, configuration, or state would be lost if this asset failed catastrophically?",N,
F010,Critical Questions,8,1,When was the recovery procedure for this asset last tested or exercised?,N,
F010,Short-Term Operations,1,1,First 30 minutes,Y,First 30 minutes
F010,Short-Term Operations,2,2,"Determine whether the facility is denied entirely, partially, or simply degraded.",N,First 30 minutes
F010,Short-Term Operations,3,2,Account for personnel and any visitors on site at the time of the incident.,N,First 30 minutes
F010,Short-Term Operations,4,2,Establish a perimeter or alternate access plan with Security.,N,First 30 minutes
F010,Short-Term Operations,5,1,First 2 hours,Y,First 2 hours
F010,Short-Term Operations,6,2,Assess physical damage with Engineering and Facilities leadership.,N,First 2 hours
F010,Short-Term Operations,7,2,Determine which co-located systems and processes are affected.,N,First 2 hours
F010,Short-Term Operations,8,2,Decide whether to relocate critical operations to an alternate site.,N,First 2 hours
F010,Short-Term Operations,9,1,First 24 hours,Y,First 24 hours
F010,Short-Term Operations,10,2,Begin remediation or relocation per the facility's continuity plan.,N,First 24 hours
F010,Short-Term Operations,11,2,Coordinate with affected departments to maintain business operations.,N,First 24 hours
F010,Short-Term Operations,12,2,"Track and document costs, vendors engaged, and recovery timeline.",N,First 24 hours
F011,Process Name,1,0,Security Command Center,N,
F011,Department,2,0,Security,N,
F011,Program Office,3,0,Security,N,
F011,Operational Category,4,0,1-Life Safety,N,
F011,Priority within Category,5,0,1,N,
F011,Restoration Score,6,0,92,N,
F011,Description,1,0,"Security Command Center is a facility under Security's responsibility. It physically houses operations, systems, and personnel whose availability is conditional on the building being accessible, powered, and safe. Damage or denial of access cascades through the functions that depend on this site.",N,
F011,Impacts,1,0,"If unavailable, this asset has 2 direct downstream dependencies and 2 total cascading impacts (deduplicated). The cascade reaches a maximum depth of 1 hops in the dependency graph.",N,
F011,Critical Questions,1,1,Who owns this asset and who is the on-call backup outside business hours?,N,
F011,Critical Questions,2,1,"What manual workaround exists if this asset is unavailable, and how long can it sustain operations?",N,
F011,Critical Questions,3,1,What is the documented recovery time objective (RTO) for this asset?,N,
F011,Critical Questions,4,1,"Which upstream dependencies, if degraded, would prevent recovery of this asset?",N,
F011,Critical Questions,5,1,Which downstream dependencies should be notified first when this asset goes down?,N,
F011,Critical Questions,6,1,"What vendor or external party is required for restoration, and how are they reached?",N,
F011,Critical Questions,7,1,"What data, configuration, or state would be lost if this asset failed catastrophically?",N,
F011,Critical Questions,8,1,When was the recovery procedure for this asset last tested or exercised?,N,
F011,Short-Term Operations,1,1,First 30 minutes,Y,First 30 minutes
F011,Short-Term Operations,2,2,"Determine whether the facility is denied entirely, partially, or simply degraded.",N,First 30 minutes
F011,Short-Term Operations,3,2,Account for personnel and any visitors on site at the time of the incident.,N,First 30 minutes
F011,Short-Term Operations,4,2,Establish a perimeter or alternate access plan with Security.,N,First 30 minutes
F011,Short-Term Operations,5,1,First 2 hours,Y,First 2 hours
F011,Short-Term Operations,6,2,Assess physical damage with Engineering and Facilities leadership.,N,First 2 hours
F011,Short-Term Operations,7,2,Determine which co-located systems and processes are affected.,N,First 2 hours
F011,Short-Term Operations,8,2,Decide whether to relocate critical operations to an alternate site.,N,First 2 hours
F011,Short-Term Operations,9,1,First 24 hours,Y,First 24 hours
F011,Short-Term Operations,10,2,Begin remediation or relocation per the facility's continuity plan.,N,First 24 hours
F011,Short-Term Operations,11,2,Coordinate with affected departments to maintain business operations.,N,First 24 hours
F011,Short-Term Operations,12,2,"Track and document costs, vendors engaged, and recovery timeline.",N,First 24 hours
F012,Process Name,1,0,Training Center,N,
F012,Department,2,0,Human Resources,N,
F012,Program Office,3,0,HR,N,
F012,Operational Category,4,0,4-Other,N,
F012,Priority within Category,5,0,2,N,
F012,Restoration Score,6,0,26,N,
F012,Description,1,0,"Training Center is a facility under Human Resources's responsibility. It physically houses operations, systems, and personnel whose availability is conditional on the building being accessible, powered, and safe. Damage or denial of access cascades through the functions that depend on this site.",N,
F012,Impacts,1,0,"If unavailable, this asset has 1 direct downstream dependencies and 1 total cascading impacts (deduplicated). The cascade reaches a maximum depth of 1 hops in the dependency graph.",N,
F012,Critical Questions,1,1,Who owns this asset and who is the on-call backup outside business hours?,N,
F012,Critical Questions,2,1,"What manual workaround exists if this asset is unavailable, and how long can it sustain operations?",N,
F012,Critical Questions,3,1,What is the documented recovery time objective (RTO) for this asset?,N,
F012,Critical Questions,4,1,"Which upstream dependencies, if degraded, would prevent recovery of this asset?",N,
F012,Critical Questions,5,1,Which downstream dependencies should be notified first when this asset goes down?,N,
F012,Critical Questions,6,1,"What vendor or external party is required for restoration, and how are they reached?",N,
F012,Critical Questions,7,1,"What data, configuration, or state would be lost if this asset failed catastrophically?",N,
F012,Critical Questions,8,1,When was the recovery procedure for this asset last tested or exercised?,N,
F012,Short-Term Operations,1,1,First 30 minutes,Y,First 30 minutes
F012,Short-Term Operations,2,2,"Determine whether the facility is denied entirely, partially, or simply degraded.",N,First 30 minutes
F012,Short-Term Operations,3,2,Account for personnel and any visitors on site at the time of the incident.,N,First 30 minutes
F012,Short-Term Operations,4,2,Establish a perimeter or alternate access plan with Security.,N,First 30 minutes
F012,Short-Term Operations,5,1,First 2 hours,Y,First 2 hours
F012,Short-Term Operations,6,2,Assess physical damage with Engineering and Facilities leadership.,N,First 2 hours
F012,Short-Term Operations,7,2,Determine which co-located systems and processes are affected.,N,First 2 hours
F012,Short-Term Operations,8,2,Decide whether to relocate critical operations to an alternate site.,N,First 2 hours
F012,Short-Term Operations,9,1,First 24 hours,Y,First 24 hours
F012,Short-Term Operations,10,2,Begin remediation or relocation per the facility's continuity plan.,N,First 24 hours
F012,Short-Term Operations,11,2,Coordinate with affected departments to maintain business operations.,N,First 24 hours
F012,Short-Term Operations,12,2,"Track and document costs, vendors engaged, and recovery timeline.",N,First 24 hours
F013,Process Name,1,0,Loading Dock A,N,
F013,Department,2,0,Supply Chain,N,
F013,Program Office,3,0,Supply Chain,N,
F013,Operational Category,4,0,2-Critical Operations,N,
F013,Priority within Category,5,0,3,N,
F013,Restoration Score,6,0,71,N,
F013,Description,1,0,"Loading Dock A is a facility under Supply Chain's responsibility. It physically houses operations, systems, and personnel whose availability is conditional on the building being accessible, powered, and safe. Damage or denial of access cascades through the functions that depend on this site.",N,
F013,Impacts,1,0,"If unavailable, this asset has 1 direct downstream dependencies and 2 total cascading impacts (deduplicated). The cascade reaches a maximum depth of 2 hops in the dependency graph.",N,
F013,Critical Questions,1,1,Who owns this asset and who is the on-call backup outside business hours?,N,
F013,Critical Questions,2,1,"What manual workaround exists if this asset is unavailable, and how long can it sustain operations?",N,
F013,Critical Questions,3,1,What is the documented recovery time objective (RTO) for this asset?,N,
F013,Critical Questions,4,1,"Which upstream dependencies, if degraded, would prevent recovery of this asset?",N,
F013,Critical Questions,5,1,Which downstream dependencies should be notified first when this asset goes down?,N,
F013,Critical Questions,6,1,"What vendor or external party is required for restoration, and how are they reached?",N,
F013,Critical Questions,7,1,"What data, configuration, or state would be lost if this asset failed catastrophically?",N,
F013,Critical Questions,8,1,When was the recovery procedure for this asset last tested or exercised?,N,
F013,Short-Term Operations,1,1,First 30 minutes,Y,First 30 minutes
F013,Short-Term Operations,2,2,"Determine whether the facility is denied entirely, partially, or simply degraded.",N,First 30 minutes
F013,Short-Term Operations,3,2,Account for personnel and any visitors on site at the time of the incident.,N,First 30 minutes
F013,Short-Term Operations,4,2,Establish a perimeter or alternate access plan with Security.,N,First 30 minutes
F013,Short-Term Operations,5,1,First 2 hours,Y,First 2 hours
F013,Short-Term Operations,6,2,Assess physical damage with Engineering and Facilities leadership.,N,First 2 hours
F013,Short-Term Operations,7,2,Determine which co-located systems and processes are affected.,N,First 2 hours
F013,Short-Term Operations,8,2,Decide whether to relocate critical operations to an alternate site.,N,First 2 hours
F013,Short-Term Operations,9,1,First 24 hours,Y,First 24 hours
F013,Short-Term Operations,10,2,Begin remediation or relocation per the facility's continuity plan.,N,First 24 hours
F013,Short-Term Operations,11,2,Coordinate with affected departments to maintain business operations.,N,First 24 hours
F013,Short-Term Operations,12,2,"Track and document costs, vendors engaged, and recovery timeline.",N,First 24 hours
F014,Process Name,1,0,Loading Dock B,N,
F014,Department,2,0,Supply Chain,N,
F014,Program Office,3,0,Supply Chain,N,
F014,Operational Category,4,0,2-Critical Operations,N,
F014,Priority within Category,5,0,4,N,
F014,Restoration Score,6,0,70,N,
F014,Description,1,0,"Loading Dock B is a facility under Supply Chain's responsibility. It physically houses operations, systems, and personnel whose availability is conditional on the building being accessible, powered, and safe. Damage or denial of access cascades through the functions that depend on this site.",N,
F014,Impacts,1,0,"If unavailable, this asset has 1 direct downstream dependencies and 2 total cascading impacts (deduplicated). The cascade reaches a maximum depth of 2 hops in the dependency graph.",N,
F014,Critical Questions,1,1,Who owns this asset and who is the on-call backup outside business hours?,N,
F014,Critical Questions,2,1,"What manual workaround exists if this asset is unavailable, and how long can it sustain operations?",N,
F014,Critical Questions,3,1,What is the documented recovery time objective (RTO) for this asset?,N,
F014,Critical Questions,4,1,"Which upstream dependencies, if degraded, would prevent recovery of this asset?",N,
F014,Critical Questions,5,1,Which downstream dependencies should be notified first when this asset goes down?,N,
F014,Critical Questions,6,1,"What vendor or external party is required for restoration, and how are they reached?",N,
F014,Critical Questions,7,1,"What data, configuration, or state would be lost if this asset failed catastrophically?",N,
F014,Critical Questions,8,1,When was the recovery procedure for this asset last tested or exercised?,N,
F014,Short-Term Operations,1,1,First 30 minutes,Y,First 30 minutes
F014,Short-Term Operations,2,2,"Determine whether the facility is denied entirely, partially, or simply degraded.",N,First 30 minutes
F014,Short-Term Operations,3,2,Account for personnel and any visitors on site at the time of the incident.,N,First 30 minutes
F014,Short-Term Operations,4,2,Establish a perimeter or alternate access plan with Security.,N,First 30 minutes
F014,Short-Term Operations,5,1,First 2 hours,Y,First 2 hours
F014,Short-Term Operations,6,2,Assess physical damage with Engineering and Facilities leadership.,N,First 2 hours
F014,Short-Term Operations,7,2,Determine which co-located systems and processes are affected.,N,First 2 hours
F014,Short-Term Operations,8,2,Decide whether to relocate critical operations to an alternate site.,N,First 2 hours
F014,Short-Term Operations,9,1,First 24 hours,Y,First 24 hours
F014,Short-Term Operations,10,2,Begin remediation or relocation per the facility's continuity plan.,N,First 24 hours
F014,Short-Term Operations,11,2,Coordinate with affected departments to maintain business operations.,N,First 24 hours
F014,Short-Term Operations,12,2,"Track and document costs, vendors engaged, and recovery timeline.",N,First 24 hours
F015,Process Name,1,0,Wellness Clinic,N,
F015,Department,2,0,Human Resources,N,
F015,Program Office,3,0,HR / Wellness,N,
F015,Operational Category,4,0,1-Life Safety,N,
F015,Priority within Category,5,0,3,N,
F015,Restoration Score,6,0,89,N,
F015,Description,1,0,"Wellness Clinic is a facility under Human Resources's responsibility. It physically houses operations, systems, and personnel whose availability is conditional on the building being accessible, powered, and safe. Damage or denial of access cascades through the functions that depend on this site.",N,
F015,Impacts,1,0,"If unavailable, this asset has 1 direct downstream dependencies and 1 total cascading impacts (deduplicated). The cascade reaches a maximum depth of 1 hops in the dependency graph.",N,
F015,Critical Questions,1,1,Who owns this asset and who is the on-call backup outside business hours?,N,
F015,Critical Questions,2,1,"What manual workaround exists if this asset is unavailable, and how long can it sustain operations?",N,
F015,Critical Questions,3,1,What is the documented recovery time objective (RTO) for this asset?,N,
F015,Critical Questions,4,1,"Which upstream dependencies, if degraded, would prevent recovery of this asset?",N,
F015,Critical Questions,5,1,Which downstream dependencies should be notified first when this asset goes down?,N,
F015,Critical Questions,6,1,"What vendor or external party is required for restoration, and how are they reached?",N,
F015,Critical Questions,7,1,"What data, configuration, or state would be lost if this asset failed catastrophically?",N,
F015,Critical Questions,8,1,When was the recovery procedure for this asset last tested or exercised?,N,
F015,Short-Term Operations,1,1,First 30 minutes,Y,First 30 minutes
F015,Short-Term Operations,2,2,"Determine whether the facility is denied entirely, partially, or simply degraded.",N,First 30 minutes
F015,Short-Term Operations,3,2,Account for personnel and any visitors on site at the time of the incident.,N,First 30 minutes
F015,Short-Term Operations,4,2,Establish a perimeter or alternate access plan with Security.,N,First 30 minutes
F015,Short-Term Operations,5,1,First 2 hours,Y,First 2 hours
F015,Short-Term Operations,6,2,Assess physical damage with Engineering and Facilities leadership.,N,First 2 hours
F015,Short-Term Operations,7,2,Determine which co-located systems and processes are affected.,N,First 2 hours
F015,Short-Term Operations,8,2,Decide whether to relocate critical operations to an alternate site.,N,First 2 hours
F015,Short-Term Operations,9,1,First 24 hours,Y,First 24 hours
F015,Short-Term Operations,10,2,Begin remediation or relocation per the facility's continuity plan.,N,First 24 hours
F015,Short-Term Operations,11,2,Coordinate with affected departments to maintain business operations.,N,First 24 hours
F015,Short-Term Operations,12,2,"Track and document costs, vendors engaged, and recovery timeline.",N,First 24 hours
